2016,0,11.98,11.5
2016,1,12.75,12.5
2016,2,13.02,13.5
2016,3,13.15,13.5
2016,4,11.28,11.5
2016,5,11.87,11.5
2016,6,7.94,7.5
2016,7,6.4,6.5
2016,8,5.47,5.5
2016,9,5.41,5.5
2016,10,4.9,4.5
2016,11,5.91,5.5
2016,12,6.72,6.5
2016,13,6.3,6.5
2016,14,6.28,6.5
2016,15,6.41,6.5
2016,16,6.79,6.5
2016,17,7.27,7.5
2016,18,7.29,7.5
2016,19,7.74,7.5
2016,20,6.96,6.5
2016,21,7.68,7.5
2016,22,6.13,6.5
2016,23,6.64,6.5
2016,0,5.12,5.5
2016,1,3.9,3.5
2016,2,4.36,4.5
2016,3,4.12,4.5
2016,4,3.41,3.5
2016,5,3.71,3.5
2016,6,3.31,3.5
2016,7,3.52,3.5
2016,8,4.81,4.5
2016,9,5.65,5.5
2016,10,6.46,6.5
2016,11,7.59,7.5
2016,12,7.98,7.5
2016,13,5.91,5.5
2016,14,6.3,6.5
2016,15,5.8,5.5
2016,16,5.2,5.5
2016,17,5.25,5.5
2016,18,5.35,5.5
2016,19,5.1,5.5
2016,20,4.53,4.5
2016,21,4.86,4.5
2016,22,5.46,5.5
2016,23,5.2,5.5
2016,0,5.1,5.5
2016,1,4.52,4.5
2016,2,4.2,4.5
2016,3,4,4.5
2016,4,4.5,4.5
2016,5,4.18,4.5
2016,6,3.81,3.5
2016,7,3.04,3.5
2016,8,2.33,2.5
2016,9,3.01,3.5
2016,10,2.96,2.5
2016,11,4.24,4.5
2016,12,4.93,4.5
2016,13,5.08,5.5
2016,14,5.49,5.5
2016,15,6.14,6.5
2016,16,6.33,6.5
2016,17,5.82,5.5
2016,18,5.67,5.5
2016,19,5.4,5.5
2016,20,4.52,4.5
2016,21,3.59,3.5
2016,22,2.97,2.5
2016,23,2.18,2.5
2016,0,1.34,1.5
2016,1,0.5,0.5
2016,2,1.42,1.5
2016,3,1.84,1.5
2016,4,2.42,2.5
2016,5,2.44,2.5
2016,6,2.56,2.5
2016,7,2.42,2.5
2016,8,1.75,1.5
2016,9,1.89,1.5
2016,10,2.31,2.5
2016,11,2.2,2.5
2016,12,2.15,2.5
2016,13,1.94,1.5
2016,14,2.24,2.5
2016,15,2.31,2.5
2016,16,2.4,2.5
2016,17,2.8,2.5
2016,18,6.63,6.5
2016,19,6.96,6.5
2016,20,6.28,6.5
2016,21,4.98,4.5
2016,22,3.54,3.5
2016,23,2.58,2.5
2016,0,2.08,2.5
2016,1,1.71,1.5
2016,2,1.43,1.5
2016,3,0.92,0.5
2016,4,1.08,1.5
2016,5,1.53,1.5
2016,6,1,1.5
2016,7,0.91,0.5
2016,8,1.1,1.5
2016,9,0.54,0.5
2016,10,0.86,0.5
2016,11,1.44,1.5
2016,12,0.94,0.5
2016,13,0.92,0.5
2016,14,1.2,1.5
2016,15,3.6,3.5
2016,16,3.4,3.5
2016,17,3.51,3.5
2016,18,4,4.5
2016,19,4.5,4.5
2016,20,4.81,4.5
2016,21,5.86,5.5
2016,22,6.57,6.5
2016,23,7.07,7.5
2016,0,6.8,6.5
2016,1,5.64,5.5
2016,2,5.33,5.5
2016,3,6.16,6.5
2016,4,6.3,6.5
2016,5,6.33,6.5
2016,6,5.73,5.5
2016,7,5.32,5.5
2016,8,4.92,4.5
2016,9,4.78,4.5
2016,10,4.34,4.5
2016,11,3.11,3.5
2016,12,2.31,2.5
2016,13,3.86,3.5
2016,14,2.8,2.5
2016,15,2.25,2.5
2016,16,1.84,1.5
2016,17,2.4,2.5
2016,18,4.34,4.5
2016,19,4.1,4.5
2016,20,2.82,2.5
2016,21,2.14,2.5
2016,22,1.17,1.5
2016,23,1.2,1.5
2016,0,2.35,2.5
2016,1,2.69,2.5
2016,2,4.79,4.5
2016,3,6.63,6.5
2016,4,6.97,6.5
2016,5,7.13,7.5
2016,6,6.71,6.5
2016,7,6.3,6.5
2016,8,5.91,5.5
2016,9,5.26,5.5
2016,10,4.12,4.5
2016,11,3.7,3.5
2016,12,4.17,4.5
2016,13,5.16,5.5
2016,14,4.4,4.5
2016,15,4.12,4.5
2016,16,4.35,4.5
2016,17,4.44,4.5
2016,18,3.76,3.5
2016,19,3.02,3.5
2016,20,3.08,3.5
2016,21,1.84,1.5
2016,22,1.04,1.5
2016,23,0.8,0.5
2016,0,0.22,0.5
2016,1,0.36,0.5
2016,2,0.64,0.5
2016,3,0.71,0.5
2016,4,1.84,1.5
2016,5,3.26,3.5
2016,6,3,3.5
2016,7,2.55,2.5
2016,8,2.76,2.5
2016,9,2.37,2.5
2016,10,1.97,1.5
2016,11,1.78,1.5
2016,12,2.15,2.5
2016,13,2.12,2.5
2016,14,2.53,2.5
2016,15,2.88,2.5
2016,16,3.58,3.5
2016,17,4.62,4.5
2016,18,5.68,5.5
2016,19,3.96,3.5
2016,20,1.21,1.5
2016,21,0.91,0.5
2016,22,1.1,1.5
2016,23,1.55,1.5
2016,0,1.96,1.5
2016,1,2.5,2.5
2016,2,2.06,2.5
2016,3,0.94,0.5
2016,4,0,0.5
2016,5,0.81,0.5
2016,6,1.08,1.5
2016,7,1.17,1.5
2016,8,1.43,1.5
2016,9,1.28,1.5
2016,10,2.4,2.5
2016,11,3.95,3.5
2016,12,4.52,4.5
2016,13,1.84,1.5
2016,14,2.63,2.5
2016,15,3.13,3.5
2016,16,3.67,3.5
2016,17,3.42,3.5
2016,18,2.75,2.5
2016,19,2.78,2.5
2016,20,2.8,2.5
2016,21,2.73,2.5
2016,22,4.29,4.5
2016,23,5.1,5.5
2016,0,2.86,2.5
2016,1,2.27,2.5
2016,2,2.85,2.5
2016,3,4.9,4.5
2016,4,5.9,5.5
2016,5,9.51,9.5
2016,6,8.61,8.5
2016,7,8.21,8.5
2016,8,8.51,8.5
2016,9,8.33,8.5
2016,10,7.06,7.5
2016,11,6.33,6.5
2016,12,6.94,6.5
2016,13,4.02,4.5
2016,14,4.77,4.5
2016,15,5.32,5.5
2016,16,5.41,5.5
2016,17,5.39,5.5
2016,18,5.87,5.5
2016,19,6.41,6.5
2016,20,5.7,5.5
2016,21,5.31,5.5
2016,22,5.56,5.5
2016,23,5.39,5.5
2016,0,4.7,4.5
2016,1,4.55,4.5
2016,2,4.2,4.5
2016,3,3.61,3.5
2016,4,3.19,3.5
2016,5,2.69,2.5
2016,6,2.47,2.5
2016,7,4.52,4.5
2016,8,5.86,5.5
2016,9,5.38,5.5
2016,10,2.55,2.5
2016,11,0.6,0.5
2016,12,1.77,1.5
2016,13,6.71,6.5
2016,14,8.7,8.5
2016,15,8.6,8.5
2016,16,8.21,8.5
2016,17,7.32,7.5
2016,18,6.63,6.5
2016,19,6.7,6.5
2016,20,6.21,6.5
2016,21,5.42,5.5
2016,22,4.59,4.5
2016,23,4.7,4.5
2016,0,6.9,6.5
2016,1,6.91,6.5
2016,2,6.99,6.5
2016,3,5.38,5.5
2016,4,5.1,5.5
2016,5,6.39,6.5
2016,6,6.74,6.5
2016,7,5.22,5.5
2016,8,4.3,4.5
2016,9,3.56,3.5
2016,10,4.41,4.5
2016,11,4.69,4.5
2016,12,4.75,4.5
2016,13,6.87,6.5
2016,14,7.05,7.5
2016,15,7.22,7.5
2016,16,6.78,6.5
2016,17,6.42,6.5
2016,18,6.07,6.5
2016,19,5.62,5.5
2016,20,5.05,5.5
2016,21,4.47,4.5
2016,22,3.71,3.5
2016,23,2.51,2.5
2016,0,1.62,1.5
2016,1,1.48,1.5
2016,2,1.25,1.5
2016,3,0.71,0.5
2016,4,1.5,1.5
2016,5,1.77,1.5
2016,6,1.81,1.5
2016,7,4.99,4.5
2016,8,4.16,4.5
2016,9,2.42,2.5
2016,10,2.31,2.5
2016,11,3.72,3.5
2016,12,4.69,4.5
2016,13,5.5,5.5
2016,14,4.92,4.5
2016,15,4.61,4.5
2016,16,4.64,4.5
2016,17,4.75,4.5
2016,18,5.28,5.5
2016,19,6.52,6.5
2016,20,6.16,6.5
2016,21,6.19,6.5
2016,22,6.26,6.5
2016,23,5.86,5.5
2016,0,4.64,4.5
2016,1,4.1,4.5
2016,2,4.3,4.5
2016,3,4.1,4.5
2016,4,4.02,4.5
2016,5,4.38,4.5
2016,6,5.64,5.5
2016,7,5.32,5.5
2016,8,4.96,4.5
2016,9,3.36,3.5
2016,10,2.5,2.5
2016,11,2.38,2.5
2016,12,1.51,1.5
2016,13,1.08,1.5
2016,14,0.89,0.5
2016,15,1.03,1.5
2016,16,1.27,1.5
2016,17,2.16,2.5
2016,18,4.02,4.5
2016,19,5.47,5.5
2016,20,6.44,6.5
2016,21,6.16,6.5
2016,22,6.16,6.5
2016,23,6.38,6.5
2016,0,5.8,5.5
2016,1,6.19,6.5
2016,2,7.16,7.5
2016,3,7.52,7.5
2016,4,7.18,7.5
2016,5,6.32,6.5
2016,6,5.61,5.5
2016,7,5.85,5.5
2016,8,5.82,5.5
2016,9,5.09,5.5
2016,10,6.04,6.5
2016,11,4.62,4.5
2016,12,5.26,5.5
2016,13,2.64,2.5
2016,14,1.73,1.5
2016,15,4.14,4.5
2016,16,6.1,6.5
2016,17,6.77,6.5
2016,18,6.31,6.5
2016,19,6.08,6.5
2016,20,7.47,7.5
2016,21,10.57,10.5
2016,22,13.05,13.5
2016,23,13.78,13.5
2016,0,13.61,13.5
2016,1,10.83,10.5
2016,2,6.35,6.5
2016,3,9.59,9.5
2016,4,11.22,11.5
2016,5,9.61,9.5
2016,6,8.2,8.5
2016,7,8.12,8.5
2016,8,6.82,6.5
2016,9,5.22,5.5
2016,10,4.18,4.5
2016,11,3,3.5
2016,12,1.9,1.5
2016,13,1.27,1.5
2016,14,1.41,1.5
2016,15,2,2.5
2016,16,2.75,2.5
2016,17,2.97,2.5
2016,18,3.57,3.5
2016,19,4.52,4.5
2016,20,4.33,4.5
2016,21,5.3,5.5
2016,22,4.64,4.5
2016,23,4.55,4.5
2016,0,6.96,6.5
2016,1,7.62,7.5
2016,2,6.42,6.5
2016,3,5.74,5.5
2016,4,5.99,5.5
2016,5,6.15,6.5
2016,6,6.95,6.5
2016,7,7.62,7.5
2016,8,7.79,7.5
2016,9,7.2,7.5
2016,10,6.72,6.5
2016,11,0.78,0.5
2016,12,4.1,4.5
2016,13,5.77,5.5
2016,14,1.44,1.5
2016,15,4.28,4.5
2016,16,5.32,5.5
2016,17,4.38,4.5
2016,18,4.8,4.5
2016,19,5.52,5.5
2016,20,5.15,5.5
2016,21,4.98,4.5
2016,22,4.4,4.5
2016,23,3.72,3.5
2016,0,3.63,3.5
2016,1,3.44,3.5
2016,2,2.72,2.5
2016,3,1.91,1.5
2016,4,1.84,1.5
2016,5,2.44,2.5
2016,6,2,2.5
2016,7,0.9,0.5
2016,8,0.71,0.5
2016,9,1.26,1.5
2016,10,2.93,2.5
2016,11,5.2,5.5
2016,12,5.38,5.5
2016,13,3.22,3.5
2016,14,2.7,2.5
2016,15,2.55,2.5
2016,16,3.5,3.5
2016,17,4.92,4.5
2016,18,7.84,7.5
2016,19,8,8.5
2016,20,7.51,7.5
2016,21,6.91,6.5
2016,22,6.66,6.5
2016,23,6.05,6.5
2016,0,4.6,4.5
2016,1,4,4.5
2016,2,3.6,3.5
2016,3,2.31,2.5
2016,4,2.05,2.5
2016,5,2.69,2.5
2016,6,3.26,3.5
2016,7,3.64,3.5
2016,8,3.76,3.5
2016,9,3.58,3.5
2016,10,3.1,3.5
2016,11,1.6,1.5
2016,12,0.64,0.5
2016,13,0.51,0.5
2016,14,0.78,0.5
2016,15,1.42,1.5
2016,16,2.51,2.5
2016,17,2.69,2.5
2016,18,3.18,3.5
2016,19,3.2,3.5
2016,20,2.8,2.5
2016,21,2.11,2.5
2016,22,1.08,1.5
2016,23,1.2,1.5
2016,0,1.51,1.5
2016,1,1.2,1.5
2016,2,1.22,1.5
2016,3,1.22,1.5
2016,4,1.66,1.5
2016,5,1.56,1.5
2016,6,1.58,1.5
2016,7,1.7,1.5
2016,8,1.72,1.5
2016,9,1.14,1.5
2016,10,2.2,2.5
2016,11,2.62,2.5
2016,12,3.42,3.5
2016,13,2.72,2.5
2016,14,3.24,3.5
2016,15,3.85,3.5
2016,16,4.53,4.5
2016,17,4.71,4.5
2016,18,3.57,3.5
2016,19,4.36,4.5
2016,20,6.52,6.5
2016,21,4.75,4.5
2016,22,3.42,3.5
2016,23,2.4,2.5
2016,0,2.55,2.5
2016,1,2.18,2.5
2016,2,1.48,1.5
2016,3,0.45,0.5
2016,4,1.58,1.5
2016,5,0.45,0.5
2016,6,0.85,0.5
2016,7,1.81,1.5
2016,8,1.75,1.5
2016,9,1.02,1.5
2016,10,3.18,3.5
2016,11,5.98,5.5
2016,12,7.24,7.5
2016,13,8.54,8.5
2016,14,8.81,8.5
2016,15,8.78,8.5
2016,16,8.87,8.5
2016,17,8.81,8.5
2016,18,8.07,8.5
2016,19,7.16,7.5
2016,20,6.64,6.5
2016,21,7.13,7.5
2016,22,6.8,6.5
2016,23,6.3,6.5
2016,0,5.68,5.5
2016,1,4.85,4.5
2016,2,4.85,4.5
2016,3,5.35,5.5
2016,4,5.1,5.5
2016,5,5.35,5.5
2016,6,5.91,5.5
2016,7,6.82,6.5
2016,8,7.78,7.5
2016,9,8.6,8.5
2016,10,9.49,9.5
2016,11,10.24,10.5
2016,12,10.88,10.5
2016,13,9.4,9.5
2016,14,9.78,9.5
2016,15,9.62,9.5
2016,16,9.52,9.5
2016,17,9.4,9.5
2016,18,9.15,9.5
2016,19,8.89,8.5
2016,20,8.79,8.5
2016,21,8.16,8.5
2016,22,7.5,7.5
2016,23,6.71,6.5
2016,0,6.13,6.5
2016,1,5.32,5.5
2016,2,4.61,4.5
2016,3,5.19,5.5
2016,4,5.1,5.5
2016,5,5.47,5.5
2016,6,5.47,5.5
2016,7,5.81,5.5
2016,8,5.71,5.5
2016,9,6.32,6.5
2016,10,6.53,6.5
2016,11,6.89,6.5
2016,12,7.69,7.5
2016,13,8.32,8.5
2016,14,8.9,8.5
2016,15,9.25,9.5
2016,16,9.65,9.5
2016,17,9.14,9.5
2016,18,8.42,8.5
2016,19,7.81,7.5
2016,20,8.2,8.5
2016,21,8.1,8.5
2016,22,8.37,8.5
2016,23,7.47,7.5
2016,0,6.58,6.5
2016,1,6.3,6.5
2016,2,5.32,5.5
2016,3,4.27,4.5
2016,4,4.52,4.5
2016,5,4.81,4.5
2016,6,5.1,5.5
2016,7,5.32,5.5
2016,8,4.63,4.5
2016,9,4.39,4.5
2016,10,5.61,5.5
2016,11,7.52,7.5
2016,12,8.16,8.5
2016,13,8.51,8.5
2016,14,9.4,9.5
2016,15,9.8,9.5
2016,16,10.02,10.5
2016,17,9.84,9.5
2016,18,9.38,9.5
2016,19,8.87,8.5
2016,20,8.47,8.5
2016,21,8.29,8.5
2016,22,8.46,8.5
2016,23,8.55,8.5
2016,0,8.74,8.5
2016,1,9.03,9.5
2016,2,8.75,8.5
2016,3,8.08,8.5
2016,4,7.92,7.5
2016,5,8.22,8.5
2016,6,8.43,8.5
2016,7,8.18,8.5
2016,8,7.96,7.5
2016,9,8.6,8.5
2016,10,8.91,8.5
2016,11,9.09,9.5
2016,12,8.93,8.5
2016,13,7.65,7.5
2016,14,7.98,7.5
2016,15,8.03,8.5
2016,16,8.13,8.5
2016,17,7.96,7.5
2016,18,7.68,7.5
2016,19,6.65,6.5
2016,20,6.49,6.5
2016,21,6.46,6.5
2016,22,6.36,6.5
2016,23,6.38,6.5
2016,0,6.17,6.5
2016,1,5.85,5.5
2016,2,5.32,5.5
2016,3,4.9,4.5
2016,4,5.57,5.5
2016,5,5.73,5.5
2016,6,5.86,5.5
2016,7,5.86,5.5
2016,8,5.86,5.5
2016,9,7.08,7.5
2016,10,8.85,8.5
2016,11,9.43,9.5
2016,12,9.68,9.5
2016,13,9.59,9.5
2016,14,10.01,10.5
2016,15,10.03,10.5
2016,16,9.75,9.5
2016,17,9.49,9.5
2016,18,8.64,8.5
2016,19,7.73,7.5
2016,20,7.15,7.5
2016,21,7.19,7.5
2016,22,6.99,6.5
2016,23,6.99,6.5
2016,0,6.74,6.5
2016,1,6.82,6.5
2016,2,6.87,6.5
2016,3,6.8,6.5
2016,4,6.71,6.5
2016,5,6.3,6.5
2016,6,5.74,5.5
2016,7,5.39,5.5
2016,8,4.53,4.5
2016,9,5.41,5.5
2016,10,6.69,6.5
2016,11,6.51,6.5
2016,12,6.1,6.5
2016,13,5.59,5.5
2016,14,4.54,4.5
2016,15,4.43,4.5
2016,16,2.55,2.5
2016,17,3.71,3.5
2016,18,4.81,4.5
2016,19,6.12,6.5
2016,20,6.73,6.5
2016,21,6.11,6.5
2016,22,5.8,5.5
2016,23,5.5,5.5
2016,0,5.2,5.5
2016,1,4.7,4.5
2016,2,4.7,4.5
2016,3,4.62,4.5
2016,4,4.4,4.5
2016,5,4.42,4.5
2016,6,5.05,5.5
2016,7,5.7,5.5
2016,8,6.57,6.5
2016,9,6.82,6.5
2016,10,6.96,6.5
2016,11,7.01,7.5
2016,12,7.3,7.5
2016,13,7.69,7.5
2016,14,7.96,7.5
2016,15,8.26,8.5
2016,16,8.68,8.5
2016,17,10.13,10.5
2016,18,10.22,10.5
2016,19,9.31,9.5
2016,20,8.14,8.5
2016,21,6.54,6.5
2016,22,5.56,5.5
2016,23,5.7,5.5
2016,0,5.2,5.5
2016,1,4.7,4.5
2016,2,4.7,4.5
2016,3,4.62,4.5
2016,4,4.4,4.5
2016,5,4.42,4.5
2016,6,5.05,5.5
2016,7,5.7,5.5
2016,8,6.57,6.5
2016,9,6.82,6.5
2016,10,6.96,6.5
2016,11,7.01,7.5
2016,12,7.3,7.5
2016,13,7.69,7.5
2016,14,7.96,7.5
2016,15,8.26,8.5
2016,16,8.68,8.5
2016,17,10.13,10.5
2016,18,10.22,10.5
2016,19,9.31,9.5
2016,20,8.14,8.5
2016,21,6.54,6.5
2016,22,5.56,5.5
2016,23,5.7,5.5
2016,0,6.74,6.5
2016,1,6.82,6.5
2016,2,6.87,6.5
2016,3,6.8,6.5
2016,4,6.71,6.5
2016,5,6.3,6.5
2016,6,5.74,5.5
2016,7,5.39,5.5
2016,8,4.53,4.5
2016,9,5.41,5.5
2016,10,6.69,6.5
2016,11,6.51,6.5
2016,12,6.1,6.5
2016,13,5.59,5.5
2016,14,4.54,4.5
2016,15,4.43,4.5
2016,16,2.55,2.5
2016,17,3.71,3.5
2016,18,4.81,4.5
2016,19,6.12,6.5
2016,20,6.73,6.5
2016,21,6.11,6.5
2016,22,5.8,5.5
2016,23,5.5,5.5
2016,0,10.12,10.5
2016,1,9.14,9.5
2016,2,10.78,10.5
2016,3,14.22,14.5
2016,4,15.61,15.5
2016,5,15.32,15.5
2016,6,13.76,13.5
2016,7,13.22,13.5
2016,8,13.1,13.5
2016,9,13.24,13.5
2016,10,14.02,14.5
2016,11,14.77,14.5
2016,12,15.12,15.5
2016,13,11.14,11.5
2016,14,11.36,11.5
2016,15,11.81,11.5
2016,16,10.74,10.5
2016,17,10.97,10.5
2016,18,12.95,12.5
2016,19,14.86,14.5
2016,20,14.55,14.5
2016,21,13.96,13.5
2016,22,14.56,14.5
2016,23,14.81,14.5
2016,0,14.8,14.5
2016,1,13.74,13.5
2016,2,13.85,13.5
2016,3,13.78,13.5
2016,4,13.11,13.5
2016,5,12.21,12.5
2016,6,11.14,11.5
2016,7,10.11,10.5
2016,8,9.41,9.5
2016,9,9.4,9.5
2016,10,9.5,9.5
2016,11,9.71,9.5
2016,12,9.63,9.5
2016,13,7.51,7.5
2016,14,7.5,7.5
2016,15,7.41,7.5
2016,16,7.1,7.5
2016,17,6.61,6.5
2016,18,5.71,5.5
2016,19,4.91,4.5
2016,20,3.81,3.5
2016,21,2.25,2.5
2016,22,0.8,0.5
2016,23,2.42,2.5
2016,0,4.29,4.5
2016,1,8.1,8.5
2016,2,8.56,8.5
2016,3,8.3,8.5
2016,4,8.49,8.5
2016,5,8.27,8.5
2016,6,8.3,8.5
2016,7,9.24,9.5
2016,8,8.71,8.5
2016,9,8.47,8.5
2016,10,7.48,7.5
2016,11,6.96,6.5
2016,12,6.94,6.5
2016,13,6.82,6.5
2016,14,6.38,6.5
2016,15,5.66,5.5
2016,16,4.81,4.5
2016,17,4.6,4.5
2016,18,5.69,5.5
2016,19,7.38,7.5
2016,20,7.19,7.5
2016,21,7.61,7.5
2016,22,7.56,7.5
2016,23,8.15,8.5
2016,0,8.6,8.5
2016,1,8.81,8.5
2016,2,8.38,8.5
2016,3,7.48,7.5
2016,4,8.34,8.5
2016,5,9.53,9.5
2016,6,8.38,8.5
2016,7,7.69,7.5
2016,8,6.62,6.5
2016,9,6.24,6.5
2016,10,7.88,7.5
2016,11,9.55,9.5
2016,12,10.17,10.5
2016,13,7.81,7.5
2016,14,2.38,2.5
2016,15,9.23,9.5
2016,16,6.09,6.5
2016,17,4.97,4.5
2016,18,10.52,10.5
2016,19,12.8,12.5
2016,20,11.74,11.5
2016,21,10.55,10.5
2016,22,9.35,9.5
2016,23,9.33,9.5
2016,0,7.6,7.5
2016,1,6.26,6.5
2016,2,5.82,5.5
2016,3,5.28,5.5
2016,4,4.84,4.5
2016,5,4.32,4.5
2016,6,4.14,4.5
2016,7,3.75,3.5
2016,8,6.31,6.5
2016,9,7.18,7.5
2016,10,6.93,6.5
2016,11,6.29,6.5
2016,12,6.53,6.5
2016,13,9.05,9.5
2016,14,11.17,11.5
2016,15,12.94,12.5
2016,16,9.22,9.5
2016,17,14.61,14.5
2016,18,13.76,13.5
2016,19,12.24,12.5
2016,20,9.53,9.5
2016,21,8.46,8.5
2016,22,13.48,13.5
2016,23,13.2,13.5
2016,0,14.62,14.5
2016,1,12.3,12.5
2016,2,13.2,13.5
2016,3,11.04,11.5
2016,4,9.3,9.5
2016,5,9.56,9.5
2016,6,9.58,9.5
2016,7,8.44,8.5
2016,8,7.74,7.5
2016,9,8.1,8.5
2016,10,8.32,8.5
2016,11,8.71,8.5
2016,12,8.67,8.5
2016,13,3.89,3.5
2016,14,4.83,4.5
2016,15,1.52,1.5
2016,16,4.25,4.5
2016,17,5.32,5.5
2016,18,5.36,5.5
2016,19,6.15,6.5
2016,20,6.25,6.5
2016,21,5.39,5.5
2016,22,9.27,9.5
2016,23,8.54,8.5
2016,0,9.2,9.5
2016,1,8.98,8.5
2016,2,9.88,9.5
2016,3,9.81,9.5
2016,4,9.14,9.5
2016,5,8.49,8.5
2016,6,7.98,7.5
2016,7,8.05,8.5
2016,8,6.89,6.5
2016,9,6.84,6.5
2016,10,6.33,6.5
2016,11,6.8,6.5
2016,12,7.53,7.5
2016,13,6.2,6.5
2016,14,5.74,5.5
2016,15,5.99,5.5
2016,16,6.08,6.5
2016,17,5.98,5.5
2016,18,6.14,6.5
2016,19,5.83,5.5
2016,20,5.73,5.5
2016,21,5.69,5.5
2016,22,5.48,5.5
2016,23,5.19,5.5
2016,0,5.19,5.5
2016,1,3.48,3.5
2016,2,0.67,0.5
2016,3,0.41,0.5
2016,4,1.63,1.5
2016,5,2.58,2.5
2016,6,3.28,3.5
2016,7,3.72,3.5
2016,8,3.2,3.5
2016,9,2.78,2.5
2016,10,2.61,2.5
2016,11,1.84,1.5
2016,12,2.33,2.5
2016,13,4.13,4.5
2016,14,5.42,5.5
2016,15,4.74,4.5
2016,16,3.38,3.5
2016,17,2.94,2.5
2016,18,5.87,5.5
2016,19,6.69,6.5
2016,20,6.54,6.5
2016,21,7.85,7.5
2016,22,8.7,8.5
2016,23,8.76,8.5
2016,0,8.73,8.5
2016,1,8.25,8.5
2016,2,8.07,8.5
2016,3,8.59,8.5
2016,4,8.93,8.5
2016,5,9.39,9.5
2016,6,9.28,9.5
2016,7,8.16,8.5
2016,8,7.62,7.5
2016,9,7.75,7.5
2016,10,7.28,7.5
2016,11,6.3,6.5
2016,12,5.92,5.5
2016,13,8.81,8.5
2016,14,8.71,8.5
2016,15,8.31,8.5
2016,16,8.6,8.5
2016,17,8.5,8.5
2016,18,8.71,8.5
2016,19,8.7,8.5
2016,20,8.2,8.5
2016,21,7.81,7.5
2016,22,7.2,7.5
2016,23,7,7.5
2016,0,7.3,7.5
2016,1,6.35,6.5
2016,2,6.02,6.5
2016,3,4.82,4.5
2016,4,3.4,3.5
2016,5,4.07,4.5
2016,6,2.42,2.5
2016,7,1.7,1.5
2016,8,1.66,1.5
2016,9,1.7,1.5
2016,10,2.33,2.5
2016,11,2.82,2.5
2016,12,3.57,3.5
2016,13,3.36,3.5
2016,14,3.38,3.5
2016,15,3.45,3.5
2016,16,3.79,3.5
2016,17,4.08,4.5
2016,18,4.55,4.5
2016,19,4.97,4.5
2016,20,3.67,3.5
2016,21,1.06,1.5
2016,22,2.02,2.5
2016,23,1.8,1.5
2016,0,3.98,3.5
2016,1,6.04,6.5
2016,2,7.35,7.5
2016,3,7.66,7.5
2016,4,7.69,7.5
2016,5,7.2,7.5
2016,6,7.31,7.5
2016,7,7.44,7.5
2016,8,6.44,6.5
2016,9,6.17,6.5
2016,10,6.18,6.5
2016,11,6.02,6.5
2016,12,5.91,5.5
2016,13,5.28,5.5
2016,14,5.19,5.5
2016,15,4.96,4.5
2016,16,4.75,4.5
2016,17,4.53,4.5
2016,18,5.02,5.5
2016,19,5.55,5.5
2016,20,5.72,5.5
2016,21,4.96,4.5
2016,22,4.69,4.5
2016,23,5.51,5.5
2016,0,6.3,6.5
2016,1,7.25,7.5
2016,2,7.88,7.5
2016,3,7.77,7.5
2016,4,7.8,7.5
2016,5,7.79,7.5
2016,6,7.87,7.5
2016,7,7.69,7.5
2016,8,6.58,6.5
2016,9,6.78,6.5
2016,10,5.91,5.5
2016,11,4.18,4.5
2016,12,3.55,3.5
2016,13,4.68,4.5
2016,14,4.06,4.5
2016,15,3.63,3.5
2016,16,3.44,3.5
2016,17,3.41,3.5
2016,18,3.44,3.5
2016,19,3.61,3.5
2016,20,5.22,5.5
2016,21,7.22,7.5
2016,22,7.39,7.5
2016,23,6.85,6.5
2016,0,8.04,8.5
2016,1,7.72,7.5
2016,2,6.51,6.5
2016,3,5.59,5.5
2016,4,5.6,5.5
2016,5,5.95,5.5
2016,6,6.11,6.5
2016,7,6.06,6.5
2016,8,4.57,4.5
2016,9,3.37,3.5
2016,10,1.92,1.5
2016,11,1.12,1.5
2016,12,1.49,1.5
2016,13,1,1.5
2016,14,2.02,2.5
2016,15,2.73,2.5
2016,16,3.35,3.5
2016,17,4.31,4.5
2016,18,5.12,5.5
2016,19,6,6.5
2016,20,6.53,6.5
2016,21,6.32,6.5
2016,22,5.03,5.5
2016,23,3.27,3.5
2016,0,0.63,0.5
2016,1,1.14,1.5
2016,2,1.24,1.5
2016,3,1.21,1.5
2016,4,1.58,1.5
2016,5,1.3,1.5
2016,6,2.15,2.5
2016,7,2.75,2.5
2016,8,2.34,2.5
2016,9,0.92,0.5
2016,10,0.91,0.5
2016,11,0.64,0.5
2016,12,1.43,1.5
2016,13,2.21,2.5
2016,14,2.2,2.5
2016,15,2.59,2.5
2016,16,3.27,3.5
2016,17,3.55,3.5
2016,18,3.61,3.5
2016,19,4.3,4.5
2016,20,4.41,4.5
2016,21,3.71,3.5
2016,22,2.91,2.5
2016,23,2.14,2.5
2016,0,1.12,1.5
2016,1,1.75,1.5
2016,2,2.56,2.5
2016,3,2.4,2.5
2016,4,2.44,2.5
2016,5,2.91,2.5
2016,6,2.97,2.5
2016,7,2.9,2.5
2016,8,3,3.5
2016,9,1.58,1.5
2016,10,1.22,1.5
2016,11,1.39,1.5
2016,12,2.43,2.5
2016,13,5.07,5.5
2016,14,6.22,6.5
2016,15,6.08,6.5
2016,16,5.43,5.5
2016,17,5.44,5.5
2016,18,5.29,5.5
2016,19,5.57,5.5
2016,20,4.96,4.5
2016,21,3.68,3.5
2016,22,2.52,2.5
2016,23,1.17,1.5
2016,0,1.35,1.5
2016,1,1.84,1.5
2016,2,0.36,0.5
2016,3,1.32,1.5
2016,4,1.33,1.5
2016,5,1.53,1.5
2016,6,1.9,1.5
2016,7,2.57,2.5
2016,8,2.62,2.5
2016,9,1.17,1.5
2016,10,1.2,1.5
2016,11,1.14,1.5
2016,12,1.22,1.5
2016,13,1.48,1.5
2016,14,1.28,1.5
2016,15,1.27,1.5
2016,16,1.22,1.5
2016,17,1.26,1.5
2016,18,1.3,1.5
2016,19,0.98,0.5
2016,20,0.98,0.5
2016,21,2.02,2.5
2016,22,2.47,2.5
2016,23,2.3,2.5
2016,0,1.49,1.5
2016,1,0.8,0.5
2016,2,2.14,2.5
2016,3,2.58,2.5
2016,4,2.48,2.5
2016,5,1.92,1.5
2016,6,1.13,1.5
2016,7,1,1.5
2016,8,0.7,0.5
2016,9,0.76,0.5
2016,10,1,1.5
2016,11,5.11,5.5
2016,12,8.58,8.5
2016,13,7.92,7.5
2016,14,9.28,9.5
2016,15,10.16,10.5
2016,16,9.78,9.5
2016,17,8.1,8.5
2016,18,7.91,7.5
2016,19,7.15,7.5
2016,20,5.56,5.5
2016,21,5.7,5.5
2016,22,6.3,6.5
2016,23,5.81,5.5
2016,0,6.58,6.5
2016,1,7.2,7.5
2016,2,6.72,6.5
2016,3,7.21,7.5
2016,4,7.82,7.5
2016,5,8.36,8.5
2016,6,8.86,8.5
2016,7,9.42,9.5
2016,8,10.82,10.5
2016,9,11.33,11.5
2016,10,11.04,11.5
2016,11,11.15,11.5
2016,12,11.05,11.5
2016,13,10.69,10.5
2016,14,10.57,10.5
2016,15,10.74,10.5
2016,16,10.82,10.5
2016,17,10.18,10.5
2016,18,9.73,9.5
2016,19,9.51,9.5
2016,20,9.77,9.5
2016,21,9.85,9.5
2016,22,9.26,9.5
2016,23,9.34,9.5
2016,0,10.08,10.5
2016,1,9.75,9.5
2016,2,9.55,9.5
2016,3,8.93,8.5
2016,4,8.27,8.5
2016,5,7.98,7.5
2016,6,7.61,7.5
2016,7,7.1,7.5
2016,8,6.71,6.5
2016,9,7.14,7.5
2016,10,7.75,7.5
2016,11,8.06,8.5
2016,12,7.53,7.5
2016,13,7.48,7.5
2016,14,7.5,7.5
2016,15,7.17,7.5
2016,16,6.71,6.5
2016,17,6.75,6.5
2016,18,5.76,5.5
2016,19,5.46,5.5
2016,20,5.77,5.5
2016,21,6.01,6.5
2016,22,6.14,6.5
2016,23,5.85,5.5
2016,0,5.88,5.5
2016,1,6.72,6.5
2016,2,5.3,5.5
2016,3,5.04,5.5
2016,4,4.13,4.5
2016,5,3.4,3.5
2016,6,2.93,2.5
2016,7,2.93,2.5
2016,8,2.64,2.5
2016,9,3.52,3.5
2016,10,4.3,4.5
2016,11,5.21,5.5
2016,12,5.1,5.5
2016,13,5.72,5.5
2016,14,5.9,5.5
2016,15,5.8,5.5
2016,16,6.7,6.5
2016,17,6.7,6.5
2016,18,6.46,6.5
2016,19,6.46,6.5
2016,20,6.49,6.5
2016,21,5.7,5.5
2016,22,4.22,4.5
2016,23,3.67,3.5
2016,0,3.77,3.5
2016,1,5.14,5.5
2016,2,5.12,5.5
2016,3,5.07,5.5
2016,4,5.25,5.5
2016,5,4.9,4.5
2016,6,4.25,4.5
2016,7,4.16,4.5
2016,8,3.24,3.5
2016,9,4.62,4.5
2016,10,5.3,5.5
2016,11,6.01,6.5
2016,12,6.67,6.5
2016,13,6.21,6.5
2016,14,5.53,5.5
2016,15,5.36,5.5
2016,16,4.66,4.5
2016,17,4.08,4.5
2016,18,3.45,3.5
2016,19,5.53,5.5
2016,20,8.21,8.5
2016,21,7.43,7.5
2016,22,5.82,5.5
2016,23,3.82,3.5
2016,0,4.97,4.5
2016,1,4,4.5
2016,2,2.44,2.5
2016,3,2.55,2.5
2016,4,2.1,2.5
2016,5,3.18,3.5
2016,6,3.03,3.5
2016,7,2.51,2.5
2016,8,0.92,0.5
2016,9,2.04,2.5
2016,10,3.52,3.5
2016,11,3.2,3.5
2016,12,2.96,2.5
2016,13,1.81,1.5
2016,14,2.2,2.5
2016,15,2.42,2.5
2016,16,2.85,2.5
2016,17,2.95,2.5
2016,18,2.69,2.5
2016,19,1.97,1.5
2016,20,2.3,2.5
2016,21,2.83,2.5
2016,22,2.82,2.5
2016,23,3.86,3.5
2016,0,2.2,2.5
2016,1,1.04,1.5
2016,2,4.22,4.5
2016,3,5.14,5.5
2016,4,5.6,5.5
2016,5,5.54,5.5
2016,6,7.44,7.5
2016,7,7.41,7.5
2016,8,6.93,6.5
2016,9,6.42,6.5
2016,10,6.43,6.5
2016,11,6.11,6.5
2016,12,5.7,5.5
2016,13,4.37,4.5
2016,14,4.91,4.5
2016,15,6.3,6.5
2016,16,7.4,7.5
2016,17,7.7,7.5
2016,18,7.47,7.5
2016,19,8.79,8.5
2016,20,8.49,8.5
2016,21,7.6,7.5
2016,22,5.95,5.5
2016,23,5.3,5.5
2016,0,2.19,2.5
2016,1,4.1,4.5
2016,2,2.44,2.5
2016,3,2.35,2.5
2016,4,2.4,2.5
2016,5,0.2,0.5
2016,6,1.4,1.5
2016,7,1.84,1.5
2016,8,2.33,2.5
2016,9,0.7,0.5
2016,10,1.27,1.5
2016,11,2.24,2.5
2016,12,2.24,2.5
2016,13,3.88,3.5
2016,14,4.25,4.5
2016,15,4.52,4.5
2016,16,4.44,4.5
2016,17,2.42,2.5
2016,18,1.3,1.5
2016,19,4.75,4.5
2016,20,6.05,6.5
2016,21,5.1,5.5
2016,22,4.9,4.5
2016,23,3.75,3.5
2016,0,2.05,2.5
2016,1,1.27,1.5
2016,2,0.57,0.5
2016,3,2.09,2.5
2016,4,2.21,2.5
2016,5,1.51,1.5
2016,6,1.22,1.5
2016,7,1.41,1.5
2016,8,1.53,1.5
2016,9,1.49,1.5
2016,10,1.84,1.5
2016,11,0.95,0.5
2016,12,1.24,1.5
2016,13,0.91,0.5
2016,14,0.89,0.5
2016,15,1,1.5
2016,16,5.67,5.5
2016,17,7.01,7.5
2016,18,6.51,6.5
2016,19,6.22,6.5
2016,20,5.43,5.5
2016,21,4.84,4.5
2016,22,2.52,2.5
2016,23,4.44,4.5
2016,0,6.43,6.5
2016,1,4.43,4.5
2016,2,3.18,3.5
2016,3,3.14,3.5
2016,4,3.38,3.5
2016,5,3.61,3.5
2016,6,4,4.5
2016,7,2.77,2.5
2016,8,1.84,1.5
2016,9,1.8,1.5
2016,10,1.82,1.5
2016,11,2,2.5
2016,12,2.89,2.5
2016,13,0.85,0.5
2016,14,0.45,0.5
2016,15,0.67,0.5
2016,16,0.61,0.5
2016,17,0.82,0.5
2016,18,0.94,0.5
2016,19,1.65,1.5
2016,20,3.2,3.5
2016,21,5.98,5.5
2016,22,6.84,6.5
2016,23,5.89,5.5
2016,0,5.55,5.5
2016,1,5.19,5.5
2016,2,5.16,5.5
2016,3,6.06,6.5
2016,4,6.44,6.5
2016,5,6.38,6.5
2016,6,7.04,7.5
2016,7,6.74,6.5
2016,8,6.62,6.5
2016,9,6.42,6.5
2016,10,5.12,5.5
2016,11,3.26,3.5
2016,12,1.73,1.5
2016,13,1.08,1.5
2016,14,1.1,1.5
2016,15,1.66,1.5
2016,16,1.84,1.5
2016,17,1.7,1.5
2016,18,1.98,1.5
2016,19,2.8,2.5
2016,20,3.35,3.5
2016,21,2.6,2.5
2016,22,0.85,0.5
2016,23,0.58,0.5
2016,0,1.53,1.5
2016,1,1.49,1.5
2016,2,0.95,0.5
2016,3,0.8,0.5
2016,4,0.54,0.5
2016,5,0.61,0.5
2016,6,1.43,1.5
2016,7,1.3,1.5
2016,8,1,1.5
2016,9,1.3,1.5
2016,10,2.96,2.5
2016,11,3.22,3.5
2016,12,3.01,3.5
2016,13,2.94,2.5
2016,14,3.72,3.5
2016,15,4.2,4.5
2016,16,4.42,4.5
2016,17,4.31,4.5
2016,18,4.11,4.5
2016,19,4.77,4.5
2016,20,4.94,4.5
2016,21,4.18,4.5
2016,22,3.57,3.5
2016,23,2.62,2.5
2016,0,1.5,1.5
2016,1,0.98,0.5
2016,2,0.7,0.5
2016,3,0.28,0.5
2016,4,0.1,0.5
2016,5,0.51,0.5
2016,6,0.85,0.5
2016,7,0.89,0.5
2016,8,1.39,1.5
2016,9,0.76,0.5
2016,10,0,0.5
2016,11,0.1,0.5
2016,12,0.41,0.5
2016,13,1.06,1.5
2016,14,1.64,1.5
2016,15,1.86,1.5
2016,16,2.16,2.5
2016,17,2.11,2.5
2016,18,2.28,2.5
2016,19,2.91,2.5
2016,20,4.13,4.5
2016,21,3.77,3.5
2016,22,3.71,3.5
2016,23,4.08,4.5
2016,0,3.32,3.5
2016,1,3.14,3.5
2016,2,2.97,2.5
2016,3,2.91,2.5
2016,4,4.08,4.5
2016,5,4.83,4.5
2016,6,5.28,5.5
2016,7,5.59,5.5
2016,8,3.49,3.5
2016,9,3.01,3.5
2016,10,4.2,4.5
2016,11,4.68,4.5
2016,12,4.71,4.5
2016,13,3.45,3.5
2016,14,3.26,3.5
2016,15,3.45,3.5
2016,16,3.57,3.5
2016,17,3.77,3.5
2016,18,4.25,4.5
2016,19,4.8,4.5
2016,20,3.89,3.5
2016,21,3.26,3.5
2016,22,3.56,3.5
2016,23,3.89,3.5
2016,0,13.69,13.5
2016,1,13.69,13.5
2016,2,13.94,13.5
2016,3,14.18,14.5
2016,4,13.66,13.5
2016,5,12.97,12.5
2016,6,12.66,12.5
2016,7,12.51,12.5
2016,8,12.32,12.5
2016,9,12.08,12.5
2016,10,11.95,11.5
2016,11,11.99,11.5
2016,12,11.96,11.5
2016,13,10.87,10.5
2016,14,11.12,11.5
2016,15,11.2,11.5
2016,16,10.98,10.5
2016,17,10.77,10.5
2016,18,10.41,10.5
2016,19,8.86,8.5
2016,20,7.92,7.5
2016,21,7.8,7.5
2016,22,7.94,7.5
2016,23,8.6,8.5
2016,0,8.68,8.5
2016,1,8.49,8.5
2016,2,9.97,9.5
2016,3,9.92,9.5
2016,4,11.01,11.5
2016,5,11.68,11.5
2016,6,11.95,11.5
2016,7,13.95,13.5
2016,8,15.77,15.5
2016,9,14.82,14.5
2016,10,14.75,14.5
2016,11,14.66,14.5
2016,12,13.84,13.5
2016,13,13.99,13.5
2016,14,13.57,13.5
2016,15,12,12.5
2016,16,9.67,9.5
2016,17,8.36,8.5
2016,18,8.54,8.5
2016,19,6.03,6.5
2016,20,5.1,5.5
2016,21,4.52,4.5
2016,22,3.62,3.5
2016,23,2.69,2.5
2016,0,2.12,2.5
2016,1,1.22,1.5
2016,2,0.7,0.5
2016,3,0.51,0.5
2016,4,1.35,1.5
2016,5,1.78,1.5
2016,6,2.47,2.5
2016,7,3.5,3.5
2016,8,2.42,2.5
2016,9,2.06,2.5
2016,10,0.85,0.5
2016,11,0.28,0.5
2016,12,0.36,0.5
2016,13,1,1.5
2016,14,0.71,0.5
2016,15,1.35,1.5
2016,16,2.37,2.5
2016,17,3.72,3.5
2016,18,3.7,3.5
2016,19,2.55,2.5
2016,20,1.5,1.5
2016,21,1.41,1.5
2016,22,2.53,2.5
2016,23,3.18,3.5
2016,0,3.13,3.5
2016,1,3.58,3.5
2016,2,3.89,3.5
2016,3,3.45,3.5
2016,4,3.35,3.5
2016,5,3.22,3.5
2016,6,3.24,3.5
2016,7,2.69,2.5
2016,8,1.7,1.5
2016,9,1.2,1.5
2016,10,0.81,0.5
2016,11,1.13,1.5
2016,12,1.46,1.5
2016,13,4.03,4.5
2016,14,4.9,4.5
2016,15,6.61,6.5
2016,16,6.8,6.5
2016,17,6.32,6.5
2016,18,5.97,5.5
2016,19,6.2,6.5
2016,20,5.71,5.5
2016,21,6.91,6.5
2016,22,6.61,6.5
2016,23,5.7,5.5
2016,0,6.11,6.5
2016,1,4.55,4.5
2016,2,4.61,4.5
2016,3,4.14,4.5
2016,4,3.4,3.5
2016,5,2.8,2.5
2016,6,1.81,1.5
2016,7,1.25,1.5
2016,8,0.94,0.5
2016,9,3.64,3.5
2016,10,6.75,6.5
2016,11,7.79,7.5
2016,12,8.74,8.5
2016,13,7.49,7.5
2016,14,8.27,8.5
2016,15,8.44,8.5
2016,16,8.24,8.5
2016,17,7.52,7.5
2016,18,7.27,7.5
2016,19,6.93,6.5
2016,20,6.46,6.5
2016,21,6.82,6.5
2016,22,6.21,6.5
2016,23,4.3,4.5
2016,0,2.09,2.5
2016,1,0.81,0.5
2016,2,0.8,0.5
2016,3,0.92,0.5
2016,4,0.42,0.5
2016,5,0.85,0.5
2016,6,0.94,0.5
2016,7,1.12,1.5
2016,8,0.85,0.5
2016,9,0.7,0.5
2016,10,1.25,1.5
2016,11,2.92,2.5
2016,12,4.96,4.5
2016,13,6.1,6.5
2016,14,6.71,6.5
2016,15,6.94,6.5
2016,16,7.32,7.5
2016,17,7.89,7.5
2016,18,7.16,7.5
2016,19,6.49,6.5
2016,20,5.36,5.5
2016,21,5.44,5.5
2016,22,5.69,5.5
2016,23,5.2,5.5
2016,0,4.24,4.5
2016,1,4.4,4.5
2016,2,3.82,3.5
2016,3,4.43,4.5
2016,4,6.28,6.5
2016,5,5.59,5.5
2016,6,5.2,5.5
2016,7,3.86,3.5
2016,8,3.71,3.5
2016,9,4.95,4.5
2016,10,5.22,5.5
2016,11,5,5.5
2016,12,4.51,4.5
2016,13,4.04,4.5
2016,14,3.42,3.5
2016,15,2.67,2.5
2016,16,1.97,1.5
2016,17,1.48,1.5
2016,18,1.13,1.5
2016,19,1.2,1.5
2016,20,2.1,2.5
2016,21,0.45,0.5
2016,22,2.2,2.5
2016,23,1.7,1.5
2016,0,2.56,2.5
2016,1,3.4,3.5
2016,2,3.55,3.5
2016,3,3.16,3.5
2016,4,3.41,3.5
2016,5,4,4.5
2016,6,4.38,4.5
2016,7,4.36,4.5
2016,8,2.64,2.5
2016,9,2.12,2.5
2016,10,1.6,1.5
2016,11,1.73,1.5
2016,12,1.57,1.5
2016,13,1.51,1.5
2016,14,1.9,1.5
2016,15,2.2,2.5
2016,16,2.41,2.5
2016,17,2.6,2.5
2016,18,2.52,2.5
2016,19,2.3,2.5
2016,20,1.99,1.5
2016,21,5.15,5.5
2016,22,4.87,4.5
2016,23,3.68,3.5
2016,0,2.88,2.5
2016,1,3.08,3.5
2016,2,4.08,4.5
2016,3,4.07,4.5
2016,4,3.91,3.5
2016,5,4.22,4.5
2016,6,4.06,4.5
2016,7,4.33,4.5
2016,8,2.66,2.5
2016,9,3.72,3.5
2016,10,4.37,4.5
2016,11,3.52,3.5
2016,12,2.01,2.5
2016,13,1.32,1.5
2016,14,1.22,1.5
2016,15,1.21,1.5
2016,16,1.79,1.5
2016,17,2,2.5
2016,18,1.39,1.5
2016,19,0.98,0.5
2016,20,1.7,1.5
2016,21,2.73,2.5
2016,22,2.77,2.5
2016,23,1.98,1.5
2016,0,0.85,0.5
2016,1,0.89,0.5
2016,2,1.26,1.5
2016,3,1.61,1.5
2016,4,2.24,2.5
2016,5,2.33,2.5
2016,6,2.77,2.5
2016,7,3.47,3.5
2016,8,2.64,2.5
2016,9,2.25,2.5
2016,10,1.3,1.5
2016,11,0.51,0.5
2016,12,1.62,1.5
2016,13,3.71,3.5
2016,14,4.78,4.5
2016,15,4.31,4.5
2016,16,4.21,4.5
2016,17,3.88,3.5
2016,18,3.69,3.5
2016,19,4.19,4.5
2016,20,5.26,5.5
2016,21,3.74,3.5
2016,22,4.6,4.5
2016,23,6.31,6.5
2016,0,6.31,6.5
2016,1,5.73,5.5
2016,2,2.97,2.5
2016,3,2.1,2.5
2016,4,0.1,0.5
2016,5,0.28,0.5
2016,6,0.9,0.5
2016,7,1.5,1.5
2016,8,0.54,0.5
2016,9,2.65,2.5
2016,10,6.97,6.5
2016,11,4.11,4.5
2016,12,5.28,5.5
2016,13,4.16,4.5
2016,14,5.6,5.5
2016,15,6.1,6.5
2016,16,5.9,5.5
2016,17,6.71,6.5
2016,18,6.52,6.5
2016,19,5.54,5.5
2016,20,5.11,5.5
2016,21,4.24,4.5
2016,22,3.98,3.5
2016,23,4.3,4.5
2016,0,3.8,3.5
2016,1,2.51,2.5
2016,2,2.01,2.5
2016,3,1.4,1.5
2016,4,0.22,0.5
2016,5,0.95,0.5
2016,6,0.71,0.5
2016,7,0.2,0.5
2016,8,1,1.5
2016,9,1.62,1.5
2016,10,1.52,1.5
2016,11,1.17,1.5
2016,12,2.25,2.5
2016,13,0.85,0.5
2016,14,1.13,1.5
2016,15,1.41,1.5
2016,16,1.72,1.5
2016,17,2.2,2.5
2016,18,2.46,2.5
2016,19,2.42,2.5
2016,20,2.09,2.5
2016,21,2.2,2.5
2016,22,2.2,2.5
2016,23,1.7,1.5
2016,0,1.3,1.5
2016,1,1.52,1.5
2016,2,1.46,1.5
2016,3,1.61,1.5
2016,4,1.73,1.5
2016,5,1.65,1.5
2016,6,1.6,1.5
2016,7,0.98,0.5
2016,8,0.1,0.5
2016,9,0.32,0.5
2016,10,0.5,0.5
2016,11,1.6,1.5
2016,12,4.02,4.5
2016,13,2.13,2.5
2016,14,2.56,2.5
2016,15,3.36,3.5
2016,16,4.05,4.5
2016,17,3.82,3.5
2016,18,4.22,4.5
2016,19,4.12,4.5
2016,20,4.46,4.5
2016,21,4.02,4.5
2016,22,2.92,2.5
2016,23,2.28,2.5
2016,0,1.49,1.5
2016,1,1.04,1.5
2016,2,0.6,0.5
2016,3,0.89,0.5
2016,4,0.81,0.5
2016,5,0.51,0.5
2016,6,0.14,0.5
2016,7,1.03,1.5
2016,8,0.91,0.5
2016,9,0.32,0.5
2016,10,0.51,0.5
2016,11,0.98,0.5
2016,12,1.62,1.5
2016,13,0.36,0.5
2016,14,0.36,0.5
2016,15,0.3,0.5
2016,16,0.3,0.5
2016,17,0.2,0.5
2016,18,0.8,0.5
2016,19,1.61,1.5
2016,20,2.95,2.5
2016,21,4.19,4.5
2016,22,4.52,4.5
2016,23,3.94,3.5
2016,0,5.59,5.5
2016,1,6.52,6.5
2016,2,6.44,6.5
2016,3,6.34,6.5
2016,4,6.82,6.5
2016,5,6.68,6.5
2016,6,6.75,6.5
2016,7,6.31,6.5
2016,8,4.96,4.5
2016,9,3.49,3.5
2016,10,0.54,0.5
2016,11,1.94,1.5
2016,12,1,1.5
2016,13,2.78,2.5
2016,14,1.3,1.5
2016,15,0.86,0.5
2016,16,1,1.5
2016,17,0.91,0.5
2016,18,1.1,1.5
2016,19,1.36,1.5
2016,20,1.3,1.5
2016,21,0.5,0.5
2016,22,0.99,0.5
2016,23,1.22,1.5
2016,0,0.64,0.5
2016,1,0.5,0.5
2016,2,1.42,1.5
2016,3,0.45,0.5
2016,4,0.22,0.5
2016,5,2.5,2.5
2016,6,4.4,4.5
2016,7,5.1,5.5
2016,8,3.51,3.5
2016,9,2.14,2.5
2016,10,1.2,1.5
2016,11,0.72,0.5
2016,12,1.52,1.5
2016,13,3.41,3.5
2016,14,4.59,4.5
2016,15,5.92,5.5
2016,16,3,3.5
2016,17,1.52,1.5
2016,18,0.86,0.5
2016,19,1.46,1.5
2016,20,5.05,5.5
2016,21,5.33,5.5
2016,22,5.44,5.5
2016,23,4.74,4.5
2016,0,3.45,3.5
2016,1,2.83,2.5
2016,2,2,2.5
2016,3,0.89,0.5
2016,4,0.54,0.5
2016,5,0.71,0.5
2016,6,1,1.5
2016,7,1.63,1.5
2016,8,2.46,2.5
2016,9,1.77,1.5
2016,10,0.36,0.5
2016,11,0.36,0.5
2016,12,0.78,0.5
2016,13,6.6,6.5
2016,14,6.7,6.5
2016,15,6.34,6.5
2016,16,6,6.5
2016,17,5.53,5.5
2016,18,5.78,5.5
2016,19,7.21,7.5
2016,20,5.59,5.5
2016,21,3.45,3.5
2016,22,3.86,3.5
2016,23,4.63,4.5
2016,0,6.12,6.5
2016,1,6.1,6.5
2016,2,4.31,4.5
2016,3,4.1,4.5
2016,4,2.75,2.5
2016,5,3.34,3.5
2016,6,2.67,2.5
2016,7,1.7,1.5
2016,8,0.81,0.5
2016,9,4.71,4.5
2016,10,6.1,6.5
2016,11,6.6,6.5
2016,12,6.32,6.5
2016,13,6.8,6.5
2016,14,6.91,6.5
2016,15,7.71,7.5
2016,16,7.7,7.5
2016,17,8.04,8.5
2016,18,7.82,7.5
2016,19,8,8.5
2016,20,7.14,7.5
2016,21,6.26,6.5
2016,22,5.47,5.5
2016,23,5.08,5.5
2016,0,4.37,4.5
2016,1,2.73,2.5
2016,2,2.1,2.5
2016,3,2.5,2.5
2016,4,2.11,2.5
2016,5,1.36,1.5
2016,6,1.06,1.5
2016,7,0.5,0.5
2016,8,2.71,2.5
2016,9,5.9,5.5
2016,10,6.72,6.5
2016,11,6.3,6.5
2016,12,5.5,5.5
2016,13,5.73,5.5
2016,14,5.64,5.5
2016,15,5.33,5.5
2016,16,5.02,5.5
2016,17,4.93,4.5
2016,18,5.18,5.5
2016,19,6.2,6.5
2016,20,7.37,7.5
2016,21,7.42,7.5
2016,22,6.31,6.5
2016,23,5.68,5.5
2016,0,4.3,4.5
2016,1,3,3.5
2016,2,2.62,2.5
2016,3,2.09,2.5
2016,4,2.12,2.5
2016,5,1.97,1.5
2016,6,1.97,1.5
2016,7,1.64,1.5
2016,8,0.4,0.5
2016,9,1.25,1.5
2016,10,1.56,1.5
2016,11,1.92,1.5
2016,12,2.69,2.5
2016,13,2.72,2.5
2016,14,2.06,2.5
2016,15,0.9,0.5
2016,16,1.91,1.5
2016,17,3.7,3.5
2016,18,4.07,4.5
2016,19,4.24,4.5
2016,20,5.13,5.5
2016,21,6.6,6.5
2016,22,5.29,5.5
2016,23,2.92,2.5
2016,0,0.98,0.5
2016,1,0.9,0.5
2016,2,0.64,0.5
2016,3,1.2,1.5
2016,4,1.22,1.5
2016,5,0.67,0.5
2016,6,0.3,0.5
2016,7,0.5,0.5
2016,8,0.5,0.5
2016,9,0.45,0.5
2016,10,0.64,0.5
2016,11,1.64,1.5
2016,12,2.86,2.5
2016,13,0.22,0.5
2016,14,0.95,0.5
2016,15,1.75,1.5
2016,16,1.97,1.5
2016,17,1.56,1.5
2016,18,1.9,1.5
2016,19,2.62,2.5
2016,20,2.52,2.5
2016,21,1.26,1.5
2016,22,2.82,2.5
2016,23,2,2.5
2016,0,2.04,2.5
2016,1,4.02,4.5
2016,2,3.61,3.5
2016,3,3.36,3.5
2016,4,2.67,2.5
2016,5,1.48,1.5
2016,6,1.06,1.5
2016,7,0.41,0.5
2016,8,1.17,1.5
2016,9,1.66,1.5
2016,10,2.47,2.5
2016,11,3.54,3.5
2016,12,4.4,4.5
2016,13,5.22,5.5
2016,14,5.44,5.5
2016,15,5.36,5.5
2016,16,5.38,5.5
2016,17,5.62,5.5
2016,18,6.21,6.5
2016,19,6.8,6.5
2016,20,6.3,6.5
2016,21,4.53,4.5
2016,22,2.56,2.5
2016,23,2.12,2.5
2016,0,3.42,3.5
2016,1,1.8,1.5
2016,2,2.48,2.5
2016,3,2.37,2.5
2016,4,3.33,3.5
2016,5,5.06,5.5
2016,6,5.82,5.5
2016,7,4.49,4.5
2016,8,5.78,5.5
2016,9,5.44,5.5
2016,10,4.34,4.5
2016,11,3.22,3.5
2016,12,1.84,1.5
2016,13,2.6,2.5
2016,14,3.2,3.5
2016,15,3.86,3.5
2016,16,4.24,4.5
2016,17,4.54,4.5
2016,18,4.9,4.5
2016,19,5.36,5.5
2016,20,5.8,5.5
2016,21,3.86,3.5
2016,22,3.36,3.5
2016,23,5.66,5.5
2016,0,6.91,6.5
2016,1,6.22,6.5
2016,2,6.52,6.5
2016,3,7.28,7.5
2016,4,7.73,7.5
2016,5,8.42,8.5
2016,6,7.8,7.5
2016,7,5.28,5.5
2016,8,3.86,3.5
2016,9,2.24,2.5
2016,10,0.6,0.5
2016,11,1.02,1.5
2016,12,1.36,1.5
2016,13,3.86,3.5
2016,14,3.88,3.5
2016,15,3.69,3.5
2016,16,3.18,3.5
2016,17,2.69,2.5
2016,18,2.31,2.5
2016,19,1.97,1.5
2016,20,1.36,1.5
2016,21,0.1,0.5
2016,22,2.11,2.5
2016,23,3.4,3.5
2016,0,3.75,3.5
2016,1,5.31,5.5
2016,2,4.5,4.5
2016,3,2.77,2.5
2016,4,2.15,2.5
2016,5,2.11,2.5
2016,6,2.93,2.5
2016,7,6.72,6.5
2016,8,1.75,1.5
2016,9,1.03,1.5
2016,10,1.75,1.5
2016,11,4.77,4.5
2016,12,5.64,5.5
2016,13,2.92,2.5
2016,14,3.55,3.5
2016,15,4.11,4.5
2016,16,1.41,1.5
2016,17,4.43,4.5
2016,18,6.26,6.5
2016,19,4.96,4.5
2016,20,2.37,2.5
2016,21,3.9,3.5
2016,22,4.3,4.5
2016,23,4.13,4.5
2016,0,5.41,5.5
2016,1,4.66,4.5
2016,2,3.58,3.5
2016,3,2.05,2.5
2016,4,1.52,1.5
2016,5,2.58,2.5
2016,6,3.77,3.5
2016,7,4.03,4.5
2016,8,3.18,3.5
2016,9,2.16,2.5
2016,10,1.14,1.5
2016,11,1.94,1.5
2016,12,2.11,2.5
2016,13,0.32,0.5
2016,14,0.85,0.5
2016,15,0.2,0.5
2016,16,2.61,2.5
2016,17,2.56,2.5
2016,18,1.58,1.5
2016,19,2.6,2.5
2016,20,4.46,4.5
2016,21,5.33,5.5
2016,22,7.19,7.5
2016,23,6.53,6.5
2016,0,4.68,4.5
2016,1,3.18,3.5
2016,2,3.3,3.5
2016,3,1.25,1.5
2016,4,2.06,2.5
2016,5,1.9,1.5
2016,6,3.33,3.5
2016,7,1.98,1.5
2016,8,0.89,0.5
2016,9,2.33,2.5
2016,10,1.58,1.5
2016,11,2.47,2.5
2016,12,2.91,2.5
2016,13,0.6,0.5
2016,14,1.36,1.5
2016,15,2.82,2.5
2016,16,4.92,4.5
2016,17,4.97,4.5
2016,18,5.59,5.5
2016,19,5.33,5.5
2016,20,4.84,4.5
2016,21,5.54,5.5
2016,22,5.91,5.5
2016,23,8.51,8.5
2016,0,8.23,8.5
2016,1,8.59,8.5
2016,2,9.2,9.5
2016,3,8.68,8.5
2016,4,7.86,7.5
2016,5,7.22,7.5
2016,6,6.1,6.5
2016,7,6.09,6.5
2016,8,6.64,6.5
2016,9,6.38,6.5
2016,10,6.34,6.5
2016,11,5.02,5.5
2016,12,4.05,4.5
2016,13,3.8,3.5
2016,14,3.56,3.5
2016,15,3.7,3.5
2016,16,4.39,4.5
2016,17,5.22,5.5
2016,18,5.84,5.5
2016,19,4.68,4.5
2016,20,4.14,4.5
2016,21,3.4,3.5
2016,22,1.42,1.5
2016,23,1.43,1.5
2016,0,2.24,2.5
2016,1,3,3.5
2016,2,3.48,3.5
2016,3,5.28,5.5
2016,4,5.15,5.5
2016,5,3.51,3.5
2016,6,2.79,2.5
2016,7,0.41,0.5
2016,8,1.14,1.5
2016,9,3.83,3.5
2016,10,3.71,3.5
2016,11,3.01,3.5
2016,12,2.18,2.5
2016,13,3.91,3.5
2016,14,2.9,2.5
2016,15,1.43,1.5
2016,16,1.2,1.5
2016,17,2.24,2.5
2016,18,2.97,2.5
2016,19,3.55,3.5
2016,20,4.44,4.5
2016,21,5.1,5.5
2016,22,5.8,5.5
2016,23,5.89,5.5
2016,0,5.11,5.5
2016,1,6.38,6.5
2016,2,5.94,5.5
2016,3,5.26,5.5
2016,4,4.57,4.5
2016,5,3.76,3.5
2016,6,3.5,3.5
2016,7,2.28,2.5
2016,8,3.2,3.5
2016,9,4.53,4.5
2016,10,4.67,4.5
2016,11,4.43,4.5
2016,12,3.72,3.5
2016,13,4.75,4.5
2016,14,4.94,4.5
2016,15,4.81,4.5
2016,16,4.63,4.5
2016,17,3.41,3.5
2016,18,2.82,2.5
2016,19,2.33,2.5
2016,20,3.91,3.5
2016,21,3.42,3.5
2016,22,3.13,3.5
2016,23,2.8,2.5
2016,0,1.8,1.5
2016,1,1.66,1.5
2016,2,2.69,2.5
2016,3,1.97,1.5
2016,4,1.1,1.5
2016,5,2.5,2.5
2016,6,2.62,2.5
2016,7,3.37,3.5
2016,8,2.25,2.5
2016,9,2.14,2.5
2016,10,0.63,0.5
2016,11,2.48,2.5
2016,12,2.77,2.5
2016,13,5.57,5.5
2016,14,7.57,7.5
2016,15,7.6,7.5
2016,16,8.1,8.5
2016,17,9.44,9.5
2016,18,10.37,10.5
2016,19,7.82,7.5
2016,20,6.89,6.5
2016,21,7.55,7.5
2016,22,7.7,7.5
2016,23,7.57,7.5
2016,0,6.91,6.5
2016,1,4.02,4.5
2016,2,2.82,2.5
2016,3,2.64,2.5
2016,4,1.98,1.5
2016,5,1.36,1.5
2016,6,0.91,0.5
2016,7,1,1.5
2016,8,0.4,0.5
2016,9,0.1,0.5
2016,10,0.45,0.5
2016,11,0.5,0.5
2016,12,1.08,1.5
2016,13,3.8,3.5
2016,14,3,3.5
2016,15,1.51,1.5
2016,16,0.72,0.5
2016,17,0.58,0.5
2016,18,0.5,0.5
2016,19,1.04,1.5
2016,20,1.8,1.5
2016,21,2.34,2.5
2016,22,4.37,4.5
2016,23,4.59,4.5
2016,0,5.45,5.5
2016,1,5.55,5.5
2016,2,6.26,6.5
2016,3,6.51,6.5
2016,4,4.74,4.5
2016,5,6.1,6.5
2016,6,6.65,6.5
2016,7,4.03,4.5
2016,8,2.88,2.5
2016,9,3.4,3.5
2016,10,2.87,2.5
2016,11,6.85,6.5
2016,12,7.28,7.5
2016,13,4.4,4.5
2016,14,1.51,1.5
2016,15,5.42,5.5
2016,16,5.44,5.5
2016,17,7.03,7.5
2016,18,7.31,7.5
2016,19,3.11,3.5
2016,20,2.14,2.5
2016,21,1.44,1.5
2016,22,3.2,3.5
2016,23,1.63,1.5
2016,0,2,2.5
2016,1,2.42,2.5
2016,2,2.92,2.5
2016,3,3.67,3.5
2016,4,3.2,3.5
2016,5,2.63,2.5
2016,6,1.8,1.5
2016,7,3.86,3.5
2016,8,3.47,3.5
2016,9,2.88,2.5
2016,10,2.42,2.5
2016,11,3.05,3.5
2016,12,4.98,4.5
2016,13,4.41,4.5
2016,14,4.97,4.5
2016,15,4.69,4.5
2016,16,4.25,4.5
2016,17,4.63,4.5
2016,18,5.26,5.5
2016,19,6.1,6.5
2016,20,7.24,7.5
2016,21,7.82,7.5
2016,22,8.44,8.5
2016,23,8.22,8.5
2016,0,8.07,8.5
2016,1,8.65,8.5
2016,2,8.49,8.5
2016,3,7.01,7.5
2016,4,5.45,5.5
2016,5,5.72,5.5
2016,6,9.05,9.5
2016,7,7.65,7.5
2016,8,2.69,2.5
2016,9,9.76,9.5
2016,10,5.39,5.5
2016,11,8.2,8.5
2016,12,9.11,9.5
2016,13,9.82,9.5
2016,14,8.11,8.5
2016,15,7.71,7.5
2016,16,7.42,7.5
2016,17,7.07,7.5
2016,18,6.67,6.5
2016,19,6.21,6.5
2016,20,5.63,5.5
2016,21,5.76,5.5
2016,22,4.16,4.5
2016,23,5.51,5.5
2016,0,4.4,4.5
2016,1,3.63,3.5
2016,2,3.86,3.5
2016,3,2.8,2.5
2016,4,1.49,1.5
2016,5,2.52,2.5
2016,6,3.92,3.5
2016,7,3.36,3.5
2016,8,4.39,4.5
2016,9,3.67,3.5
2016,10,4.1,4.5
2016,11,4.5,4.5
2016,12,4.72,4.5
2016,13,3.32,3.5
2016,14,3.32,3.5
2016,15,3.8,3.5
2016,16,4.53,4.5
2016,17,5.72,5.5
2016,18,6.36,6.5
2016,19,6.36,6.5
2016,20,6.55,6.5
2016,21,5.93,5.5
2016,22,5.87,5.5
2016,23,5.31,5.5
2016,0,4.13,4.5
2016,1,4.04,4.5
2016,2,3.86,3.5
2016,3,3.41,3.5
2016,4,3.61,3.5
2016,5,3.31,3.5
2016,6,3.14,3.5
2016,7,4.16,4.5
2016,8,4.64,4.5
2016,9,4.02,4.5
2016,10,3.41,3.5
2016,11,3.13,3.5
2016,12,2.47,2.5
2016,13,1.08,1.5
2016,14,1.58,1.5
2016,15,1.35,1.5
2016,16,0.91,0.5
2016,17,1.22,1.5
2016,18,1.32,1.5
2016,19,1.8,1.5
2016,20,2.8,2.5
2016,21,3.5,3.5
2016,22,2.6,2.5
2016,23,1.57,1.5
2016,0,0.61,0.5
2016,1,1.12,1.5
2016,2,0.92,0.5
2016,3,2.06,2.5
2016,4,3.08,3.5
2016,5,3.47,3.5
2016,6,4.05,4.5
2016,7,4.35,4.5
2016,8,4.21,4.5
2016,9,4.37,4.5
2016,10,3.63,3.5
2016,11,3.11,3.5
2016,12,1.72,1.5
2016,13,1.94,1.5
2016,14,1.49,1.5
2016,15,1.24,1.5
2016,16,2.01,2.5
2016,17,2.98,2.5
2016,18,7.41,7.5
2016,19,5.32,5.5
2016,20,2.91,2.5
2016,21,6.82,6.5
2016,22,5.46,5.5
2016,23,4.44,4.5
2016,0,5.46,5.5
2016,1,5.57,5.5
2016,2,5.09,5.5
2016,3,6.08,6.5
2016,4,5.71,5.5
2016,5,5.72,5.5
2016,6,5.16,5.5
2016,7,6.16,6.5
2016,8,6.13,6.5
2016,9,5.4,5.5
2016,10,5.02,5.5
2016,11,5.76,5.5
2016,12,7.72,7.5
2016,13,4.94,4.5
2016,14,5.3,5.5
2016,15,5.63,5.5
2016,16,5.15,5.5
2016,17,5.92,5.5
2016,18,6.22,6.5
2016,19,6.42,6.5
2016,20,6.3,6.5
2016,21,5.55,5.5
2016,22,5.41,5.5
2016,23,4.66,4.5
2016,0,3.73,3.5
2016,1,3.2,3.5
2016,2,3.77,3.5
2016,3,3.71,3.5
2016,4,2,2.5
2016,5,0.1,0.5
2016,6,0.71,0.5
2016,7,1.08,1.5
2016,8,0.4,0.5
2016,9,0.4,0.5
2016,10,0.81,0.5
2016,11,1.24,1.5
2016,12,2.02,2.5
2016,13,1.3,1.5
2016,14,1.6,1.5
2016,15,1.5,1.5
2016,16,1.4,1.5
2016,17,0.92,0.5
2016,18,0.78,0.5
2016,19,1.02,1.5
2016,20,1.63,1.5
2016,21,2.94,2.5
2016,22,3.94,3.5
2016,23,5.05,5.5
2016,0,6.53,6.5
2016,1,7.63,7.5
2016,2,7.32,7.5
2016,3,7.27,7.5
2016,4,7.91,7.5
2016,5,7.8,7.5
2016,6,6.24,6.5
2016,7,4.48,4.5
2016,8,3.35,3.5
2016,9,2.28,2.5
2016,10,1.33,1.5
2016,11,0.61,0.5
2016,12,1.1,1.5
2016,13,1.5,1.5
2016,14,0.81,0.5
2016,15,0.3,0.5
2016,16,0.14,0.5
2016,17,0.2,0.5
2016,18,0.3,0.5
2016,19,0.76,0.5
2016,20,1.2,1.5
2016,21,2.34,2.5
2016,22,2.08,2.5
2016,23,1.39,1.5
2016,0,0.98,0.5
2016,1,1.39,1.5
2016,2,1.34,1.5
2016,3,1.35,1.5
2016,4,2.52,2.5
2016,5,3.84,3.5
2016,6,4.55,4.5
2016,7,4.49,4.5
2016,8,2.75,2.5
2016,9,1.73,1.5
2016,10,0.41,0.5
2016,11,0.1,0.5
2016,12,0.92,0.5
2016,13,2.18,2.5
2016,14,2.63,2.5
2016,15,4.1,4.5
2016,16,6.12,6.5
2016,17,7.24,7.5
2016,18,6.52,6.5
2016,19,6.08,6.5
2016,20,5.85,5.5
2016,21,5.12,5.5
2016,22,5.99,5.5
2016,23,7.05,7.5
2016,0,5.8,5.5
2016,1,3.83,3.5
2016,2,4.16,4.5
2016,3,4.34,4.5
2016,4,3.36,3.5
2016,5,2.68,2.5
2016,6,1.65,1.5
2016,7,0.45,0.5
2016,8,0.58,0.5
2016,9,0.5,0.5
2016,10,0.63,0.5
2016,11,0.81,0.5
2016,12,1.58,1.5
2016,13,0.86,0.5
2016,14,0.58,0.5
2016,15,0.5,0.5
2016,16,0.2,0.5
2016,17,4.33,4.5
2016,18,2.73,2.5
2016,19,1.92,1.5
2016,20,2.4,2.5
2016,21,8.82,8.5
2016,22,7.67,7.5
2016,23,8.51,8.5
2016,0,9.3,9.5
2016,1,9.92,9.5
2016,2,9.48,9.5
2016,3,8.93,8.5
2016,4,8.14,8.5
2016,5,7.16,7.5
2016,6,7.23,7.5
2016,7,6.7,6.5
2016,8,6.45,6.5
2016,9,6.57,6.5
2016,10,6.3,6.5
2016,11,5.37,5.5
2016,12,4.96,4.5
2016,13,4.84,4.5
2016,14,5.41,5.5
2016,15,6.74,6.5
2016,16,6.11,6.5
2016,17,5.55,5.5
2016,18,5.87,5.5
2016,19,5.02,5.5
2016,20,5.55,5.5
2016,21,5.91,5.5
2016,22,6.41,6.5
2016,23,11.67,11.5
2016,0,8.17,8.5
2016,1,4.46,4.5
2016,2,2.2,2.5
2016,3,6.33,6.5
2016,4,5.91,5.5
2016,5,5.9,5.5
2016,6,7.24,7.5
2016,7,6.63,6.5
2016,8,5.6,5.5
2016,9,4.8,4.5
2016,10,4.53,4.5
2016,11,5.5,5.5
2016,12,4.65,4.5
2016,13,6.93,6.5
2016,14,6.32,6.5
2016,15,4.78,4.5
2016,16,4.14,4.5
2016,17,3.66,3.5
2016,18,3.96,3.5
2016,19,3.49,3.5
2016,20,3.84,3.5
2016,21,4.48,4.5
2016,22,3.94,3.5
2016,23,4.25,4.5
2016,0,3.41,3.5
2016,1,3.55,3.5
2016,2,3.28,3.5
2016,3,2.28,2.5
2016,4,2.45,2.5
2016,5,2.61,2.5
2016,6,2.6,2.5
2016,7,2.5,2.5
2016,8,1.93,1.5
2016,9,1.5,1.5
2016,10,2.14,2.5
2016,11,4.56,4.5
2016,12,4.25,4.5
2016,13,3.34,3.5
2016,14,3.28,3.5
2016,15,4.27,4.5
2016,16,5.82,5.5
2016,17,6.93,6.5
2016,18,7.37,7.5
2016,19,6.39,6.5
2016,20,5.88,5.5
2016,21,5.15,5.5
2016,22,4.69,4.5
2016,23,3.45,3.5
2016,0,3.2,3.5
2016,1,3.2,3.5
2016,2,3.38,3.5
2016,3,3.7,3.5
2016,4,3.82,3.5
2016,5,3.62,3.5
2016,6,3.08,3.5
2016,7,2.44,2.5
2016,8,2.56,2.5
2016,9,2.14,2.5
2016,10,2.7,2.5
2016,11,3.05,3.5
2016,12,3.2,3.5
2016,13,1.1,1.5
2016,14,1.93,1.5
2016,15,2.86,2.5
2016,16,3.9,3.5
2016,17,3.72,3.5
2016,18,3.09,3.5
2016,19,3.22,3.5
2016,20,3.71,3.5
2016,21,4.3,4.5
2016,22,4.06,4.5
2016,23,3.7,3.5
2016,0,3.33,3.5
2016,1,2.2,2.5
2016,2,0.72,0.5
2016,3,0.58,0.5
2016,4,0.41,0.5
2016,5,0.32,0.5
2016,6,0.67,0.5
2016,7,0.57,0.5
2016,8,0,0.5
2016,9,0.54,0.5
2016,10,0.92,0.5
2016,11,1,1.5
2016,12,1.1,1.5
2016,13,1.84,1.5
2016,14,2.22,2.5
2016,15,2.82,2.5
2016,16,3.54,3.5
2016,17,4.03,4.5
2016,18,4.43,4.5
2016,19,5.39,5.5
2016,20,5.8,5.5
2016,21,5.51,5.5
2016,22,5.28,5.5
2016,23,5.07,5.5
2016,0,4.3,4.5
2016,1,3.9,3.5
2016,2,3.54,3.5
2016,3,3.61,3.5
2016,4,5.35,5.5
2016,5,5.5,5.5
2016,6,5.3,5.5
2016,7,6.6,6.5
2016,8,7.52,7.5
2016,9,7.81,7.5
2016,10,7.16,7.5
2016,11,6.36,6.5
2016,12,6.58,6.5
2016,13,5.03,5.5
2016,14,5.24,5.5
2016,15,5.77,5.5
2016,16,6.46,6.5
2016,17,7.21,7.5
2016,18,6.32,6.5
2016,19,6.28,6.5
2016,20,6.07,6.5
2016,21,5.56,5.5
2016,22,6.15,6.5
2016,23,4.93,4.5
2016,0,5.41,5.5
2016,1,5.61,5.5
2016,2,5.79,5.5
2016,3,4.2,4.5
2016,4,5.43,5.5
2016,5,5.1,5.5
2016,6,5.87,5.5
2016,7,6.67,6.5
2016,8,4.37,4.5
2016,9,5.87,5.5
2016,10,6.2,6.5
2016,11,6.6,6.5
2016,12,6.17,6.5
2016,13,6.39,6.5
2016,14,6.3,6.5
2016,15,6.57,6.5
2016,16,6.3,6.5
2016,17,6.12,6.5
2016,18,5.67,5.5
2016,19,4.97,4.5
2016,20,4.98,4.5
2016,21,4.7,4.5
2016,22,5.02,5.5
2016,23,5.01,5.5
2016,0,4.69,4.5
2016,1,4.33,4.5
2016,2,4,4.5
2016,3,4.12,4.5
2016,4,4.12,4.5
2016,5,4.24,4.5
2016,6,4,4.5
2016,7,4.63,4.5
2016,8,5.35,5.5
2016,9,6.51,6.5
2016,10,6.8,6.5
2016,11,7.2,7.5
2016,12,7.5,7.5
2016,13,7.67,7.5
2016,14,8.05,8.5
2016,15,8.05,8.5
2016,16,8.49,8.5
2016,17,8.34,8.5
2016,18,8.06,8.5
2016,19,7.41,7.5
2016,20,7.09,7.5
2016,21,6.68,6.5
2016,22,5.32,5.5
2016,23,3.88,3.5
2016,0,2.2,2.5
2016,1,0.8,0.5
2016,2,0.45,0.5
2016,3,0.28,0.5
2016,4,0.9,0.5
2016,5,1.08,1.5
2016,6,0.5,0.5
2016,7,0.94,0.5
2016,8,1.08,1.5
2016,9,1.92,1.5
2016,10,2.09,2.5
2016,11,2.1,2.5
2016,12,1.24,1.5
2016,13,3.72,3.5
2016,14,3.67,3.5
2016,15,4.88,4.5
2016,16,5.41,5.5
2016,17,5.24,5.5
2016,18,5.32,5.5
2016,19,5.57,5.5
2016,20,6.39,6.5
2016,21,5.69,5.5
2016,22,4.61,4.5
2016,23,5.09,5.5
2016,0,4.2,4.5
2016,1,2.11,2.5
2016,2,1.75,1.5
2016,3,0.7,0.5
2016,4,0.41,0.5
2016,5,0.4,0.5
2016,6,0.41,0.5
2016,7,1.26,1.5
2016,8,1.43,1.5
2016,9,5.83,5.5
2016,10,3.41,3.5
2016,11,4.53,4.5
2016,12,4.98,4.5
2016,13,1.9,1.5
2016,14,0.61,0.5
2016,15,0.5,0.5
2016,16,0.28,0.5
2016,17,1.26,1.5
2016,18,0.3,0.5
2016,19,2.79,2.5
2016,20,1.68,1.5
2016,21,0,0.5
2016,22,1.2,1.5
2016,23,1.24,1.5
2016,0,1.49,1.5
2016,1,1.8,1.5
2016,2,1.41,1.5
2016,3,0.85,0.5
2016,4,0.22,0.5
2016,5,0.32,0.5
2016,6,0.72,0.5
2016,7,1.17,1.5
2016,8,0.71,0.5
2016,9,1.08,1.5
2016,10,1.75,1.5
2016,11,1.9,1.5
2016,12,2,2.5
2016,13,3.51,3.5
2016,14,3.7,3.5
2016,15,4.3,4.5
2016,16,4.9,4.5
2016,17,5.1,5.5
2016,18,5,5.5
2016,19,4.98,4.5
2016,20,5.56,5.5
2016,21,5.7,5.5
2016,22,4.2,4.5
2016,23,1.2,1.5
2016,0,1.66,1.5
2016,1,1.72,1.5
2016,2,1.86,1.5
2016,3,1.17,1.5
2016,4,1.5,1.5
2016,5,1.52,1.5
2016,6,0.91,0.5
2016,7,0.42,0.5
2016,8,1.56,1.5
2016,9,2.1,2.5
2016,10,2.34,2.5
2016,11,1.68,1.5
2016,12,1.6,1.5
2016,13,2.73,2.5
2016,14,2.02,2.5
2016,15,1.84,1.5
2016,16,0.94,0.5
2016,17,0.58,0.5
2016,18,2.02,2.5
2016,19,3.61,3.5
2016,20,4.17,4.5
2016,21,3.5,3.5
2016,22,4.37,4.5
2016,23,4.84,4.5
2016,0,5.5,5.5
2016,1,5.11,5.5
2016,2,3.91,3.5
2016,3,3.58,3.5
2016,4,4.12,4.5
2016,5,3.76,3.5
2016,6,3.45,3.5
2016,7,4.51,4.5
2016,8,4.39,4.5
2016,9,4.92,4.5
2016,10,5.33,5.5
2016,11,5.47,5.5
2016,12,5.85,5.5
2016,13,6.53,6.5
2016,14,6.45,6.5
2016,15,6.64,6.5
2016,16,6.83,6.5
2016,17,6.92,6.5
2016,18,6.81,6.5
2016,19,7.1,7.5
2016,20,7.2,7.5
2016,21,6.71,6.5
2016,22,5.61,5.5
2016,23,4.46,4.5
2016,0,3.35,3.5
2016,1,1.73,1.5
2016,2,0.71,0.5
2016,3,0.28,0.5
2016,4,0.91,0.5
2016,5,0.67,0.5
2016,6,0.22,0.5
2016,7,0.22,0.5
2016,8,0.32,0.5
2016,9,0.73,0.5
2016,10,1.39,1.5
2016,11,2.47,2.5
2016,12,3.32,3.5
2016,13,3.11,3.5
2016,14,2.72,2.5
2016,15,2.5,2.5
2016,16,3.14,3.5
2016,17,3.61,3.5
2016,18,3.7,3.5
2016,19,3.61,3.5
2016,20,4,4.5
2016,21,3.35,3.5
2016,22,1.2,1.5
2016,23,0.89,0.5
2016,0,0.82,0.5
2016,1,0.54,0.5
2016,2,0.73,0.5
2016,3,0.73,0.5
2016,4,1.3,1.5
2016,5,1.3,1.5
2016,6,0.72,0.5
2016,7,0.94,0.5
2016,8,0.64,0.5
2016,9,0.81,0.5
2016,10,1.7,1.5
2016,11,2.72,2.5
2016,12,3.42,3.5
2016,13,4.63,4.5
2016,14,5,5.5
2016,15,5.1,5.5
2016,16,5.61,5.5
2016,17,5.89,5.5
2016,18,5.85,5.5
2016,19,5.44,5.5
2016,20,4.9,4.5
2016,21,4.5,4.5
2016,22,3.28,3.5
2016,23,2.66,2.5
2016,0,2.47,2.5
2016,1,1.33,1.5
2016,2,0.92,0.5
2016,3,0.92,0.5
2016,4,0.57,0.5
2016,5,1.12,1.5
2016,6,0.8,0.5
2016,7,1,1.5
2016,8,0.81,0.5
2016,9,1.14,1.5
2016,10,3.5,3.5
2016,11,4.01,4.5
2016,12,4.9,4.5
2016,13,7.18,7.5
2016,14,7.37,7.5
2016,15,7.6,7.5
2016,16,8.4,8.5
2016,17,8.02,8.5
2016,18,7.17,7.5
2016,19,5.72,5.5
2016,20,5.56,5.5
2016,21,3.22,3.5
2016,22,2.34,2.5
2016,23,4,4.5
2016,0,5.55,5.5
2016,1,4.83,4.5
2016,2,4.44,4.5
2016,3,4.54,4.5
2016,4,5.14,5.5
2016,5,5,5.5
2016,6,3.7,3.5
2016,7,5.51,5.5
2016,8,5.3,5.5
2016,9,6,6.5
2016,10,6.94,6.5
2016,11,6.99,6.5
2016,12,6.32,6.5
2016,13,6.07,6.5
2016,14,6.43,6.5
2016,15,6.56,6.5
2016,16,5.92,5.5
2016,17,5.24,5.5
2016,18,4.72,4.5
2016,19,3.7,3.5
2016,20,3.38,3.5
2016,21,3.07,3.5
2016,22,2.14,2.5
2016,23,0.9,0.5
2016,0,3.04,3.5
2016,1,4.25,4.5
2016,2,5.46,5.5
2016,3,4.22,4.5
2016,4,4.02,4.5
2016,5,3.61,3.5
2016,6,2.42,2.5
2016,7,1.64,1.5
2016,8,2.28,2.5
2016,9,3.23,3.5
2016,10,4.5,4.5
2016,11,4.81,4.5
2016,12,4.56,4.5
2016,13,4.65,4.5
2016,14,4.68,4.5
2016,15,4.52,4.5
2016,16,3.73,3.5
2016,17,3.35,3.5
2016,18,2.56,2.5
2016,19,1.75,1.5
2016,20,0.57,0.5
2016,21,1.9,1.5
2016,22,5.19,5.5
2016,23,5.92,5.5
2016,0,4.74,4.5
2016,1,3.62,3.5
2016,2,1.7,1.5
2016,3,1.72,1.5
2016,4,1.84,1.5
2016,5,1.1,1.5
2016,6,0.78,0.5
2016,7,1.65,1.5
2016,8,4.63,4.5
2016,9,4.77,4.5
2016,10,3.93,3.5
2016,11,3.63,3.5
2016,12,5.1,5.5
2016,13,3.01,3.5
2016,14,3.65,3.5
2016,15,3.73,3.5
2016,16,3.95,3.5
2016,17,4.49,4.5
2016,18,4.54,4.5
2016,19,3.99,3.5
2016,20,3.27,3.5
2016,21,1.92,1.5
2016,22,1.3,1.5
2016,23,2.04,2.5
2016,0,2.26,2.5
2016,1,1.6,1.5
2016,2,1.14,1.5
2016,3,2.28,2.5
2016,4,2.02,2.5
2016,5,1.08,1.5
2016,6,0.81,0.5
2016,7,0.71,0.5
2016,8,0.5,0.5
2016,9,0.71,0.5
2016,10,1.46,1.5
2016,11,2.77,2.5
2016,12,4.6,4.5
2016,13,4.98,4.5
2016,14,5.15,5.5
2016,15,5.1,5.5
2016,16,4.83,4.5
2016,17,4.33,4.5
2016,18,3.7,3.5
2016,19,3.3,3.5
2016,20,3.58,3.5
2016,21,3.98,3.5
2016,22,3.34,3.5
2016,23,3.27,3.5
2016,0,3.08,3.5
2016,1,1.78,1.5
2016,2,1.65,1.5
2016,3,1.24,1.5
2016,4,1.02,1.5
2016,5,1.1,1.5
2016,6,0.92,0.5
2016,7,0.92,0.5
2016,8,0.64,0.5
2016,9,1,1.5
2016,10,1.5,1.5
2016,11,2.3,2.5
2016,12,2.2,2.5
2016,13,2.82,2.5
2016,14,2.72,2.5
2016,15,2.61,2.5
2016,16,2.75,2.5
2016,17,2.38,2.5
2016,18,2.02,2.5
2016,19,2.31,2.5
2016,20,3.62,3.5
2016,21,4,4.5
2016,22,2.43,2.5
2016,23,0.42,0.5
2016,0,1.33,1.5
2016,1,1.8,1.5
2016,2,1.08,1.5
2016,3,1.28,1.5
2016,4,3.48,3.5
2016,5,4.8,4.5
2016,6,4.3,4.5
2016,7,3.62,3.5
2016,8,3.61,3.5
2016,9,2.79,2.5
2016,10,1.22,1.5
2016,11,0.4,0.5
2016,12,0.67,0.5
2016,13,0.5,0.5
2016,14,0.63,0.5
2016,15,0.6,0.5
2016,16,1.1,1.5
2016,17,1.63,1.5
2016,18,1.43,1.5
2016,19,1.99,1.5
2016,20,1.96,1.5
2016,21,2.25,2.5
2016,22,1.33,1.5
2016,23,0.5,0.5
2016,0,1.5,1.5
2016,1,1.75,1.5
2016,2,1.5,1.5
2016,3,0.95,0.5
2016,4,0.78,0.5
2016,5,0.64,0.5
2016,6,0.63,0.5
2016,7,0.92,0.5
2016,8,0.45,0.5
2016,9,1.61,1.5
2016,10,2.79,2.5
2016,11,4.3,4.5
2016,12,4.78,4.5
2016,13,5.8,5.5
2016,14,4.98,4.5
2016,15,4.22,4.5
2016,16,4.24,4.5
2016,17,5.2,5.5
2016,18,5.02,5.5
2016,19,6.21,6.5
2016,20,6.74,6.5
2016,21,6.28,6.5
2016,22,4.68,4.5
2016,23,3.32,3.5
2016,0,2.82,2.5
2016,1,3.32,3.5
2016,2,1.75,1.5
2016,3,0.28,0.5
2016,4,0.76,0.5
2016,5,1.36,1.5
2016,6,1.79,1.5
2016,7,2.44,2.5
2016,8,3.94,3.5
2016,9,4.57,4.5
2016,10,4.7,4.5
2016,11,4.08,4.5
2016,12,3.72,3.5
2016,13,3.04,3.5
2016,14,2.24,2.5
2016,15,2.4,2.5
2016,16,2.32,2.5
2016,17,2.06,2.5
2016,18,2.42,2.5
2016,19,2.3,2.5
2016,20,2.16,2.5
2016,21,2.22,2.5
2016,22,0.89,0.5
2016,23,0.3,0.5
2016,0,1.39,1.5
2016,1,1.75,1.5
2016,2,2.51,2.5
2016,3,2.2,2.5
2016,4,1.8,1.5
2016,5,2.06,2.5
2016,6,2.02,2.5
2016,7,2.48,2.5
2016,8,3.72,3.5
2016,9,5.24,5.5
2016,10,5.88,5.5
2016,11,5.33,5.5
2016,12,4.01,4.5
2016,13,7.41,7.5
2016,14,7.56,7.5
2016,15,7.32,7.5
2016,16,7.18,7.5
2016,17,7.86,7.5
2016,18,7.99,7.5
2016,19,7.36,7.5
2016,20,6.46,6.5
2016,21,5.66,5.5
2016,22,5.02,5.5
2016,23,4.1,4.5
2016,0,3.86,3.5
2016,1,3.93,3.5
2016,2,3.91,3.5
2016,3,3.61,3.5
2016,4,3.3,3.5
2016,5,3.3,3.5
2016,6,3.37,3.5
2016,7,3.79,3.5
2016,8,3.75,3.5
2016,9,4.1,4.5
2016,10,4.93,4.5
2016,11,5.23,5.5
2016,12,4.81,4.5
2016,13,1.7,1.5
2016,14,3.03,3.5
2016,15,5.2,5.5
2016,16,6.11,6.5
2016,17,6.52,6.5
2016,18,6.43,6.5
2016,19,6.38,6.5
2016,20,5.2,5.5
2016,21,4.12,4.5
2016,22,2.97,2.5
2016,23,2.8,2.5
2016,0,2.05,2.5
2016,1,1,1.5
2016,2,0.5,0.5
2016,3,0.63,0.5
2016,4,0.76,0.5
2016,5,1.1,1.5
2016,6,1.1,1.5
2016,7,0.71,0.5
2016,8,2.62,2.5
2016,9,2.86,2.5
2016,10,1.91,1.5
2016,11,2.12,2.5
2016,12,1.9,1.5
2016,13,1.8,1.5
2016,14,1.2,1.5
2016,15,0.78,0.5
2016,16,1.58,1.5
2016,17,2.43,2.5
2016,18,2.6,2.5
2016,19,2.35,2.5
2016,20,2.33,2.5
2016,21,2.56,2.5
2016,22,1.71,1.5
2016,23,1,1.5
2016,0,0.32,0.5
2016,1,0.71,0.5
2016,2,1,1.5
2016,3,0.71,0.5
2016,4,1.03,1.5
2016,5,2.47,2.5
2016,6,3.41,3.5
2016,7,3.68,3.5
2016,8,3.69,3.5
2016,9,3.5,3.5
2016,10,3.1,3.5
2016,11,2.72,2.5
2016,12,2.21,2.5
2016,13,1.53,1.5
2016,14,1.32,1.5
2016,15,1,1.5
2016,16,0.22,0.5
2016,17,1.49,1.5
2016,18,2.38,2.5
2016,19,2.9,2.5
2016,20,4.3,4.5
2016,21,5.76,5.5
2016,22,5.7,5.5
2016,23,4.71,4.5
2016,0,4.16,4.5
2016,1,5.22,5.5
2016,2,6.02,6.5
2016,3,6.44,6.5
2016,4,6.95,6.5
2016,5,6.94,6.5
2016,6,6.17,6.5
2016,7,4.3,4.5
2016,8,5.07,5.5
2016,9,5.22,5.5
2016,10,5.02,5.5
2016,11,3.76,3.5
2016,12,2.28,2.5
2016,13,10.21,10.5
2016,14,6.53,6.5
2016,15,2.34,2.5
2016,16,1.24,1.5
2016,17,1.8,1.5
2016,18,1.89,1.5
2016,19,1.56,1.5
2016,20,4.34,4.5
2016,21,10.92,10.5
2016,22,3.7,3.5
2016,23,2.28,2.5
2016,0,1.64,1.5
2016,1,3.55,3.5
2016,2,4.93,4.5
2016,3,3.4,3.5
2016,4,2.02,2.5
2016,5,1,1.5
2016,6,2.56,2.5
2016,7,1.66,1.5
2016,8,0.32,0.5
2016,9,0.95,0.5
2016,10,1.22,1.5
2016,11,1.58,1.5
2016,12,1.84,1.5
2016,13,0.6,0.5
2016,14,0.71,0.5
2016,15,0.72,0.5
2016,16,1.06,1.5
2016,17,1.28,1.5
2016,18,1.42,1.5
2016,19,1.58,1.5
2016,20,2.01,2.5
2016,21,3.44,3.5
2016,22,3.08,3.5
2016,23,1.91,1.5
2016,0,1.14,1.5
2016,1,1.57,1.5
2016,2,2.2,2.5
2016,3,2.4,2.5
2016,4,1.64,1.5
2016,5,1.61,1.5
2016,6,2.15,2.5
2016,7,0,0.5
2016,8,1.25,1.5
2016,9,0.71,0.5
2016,10,0.81,0.5
2016,11,1.04,1.5
2016,12,1.7,1.5
2016,13,2.82,2.5
2016,14,3.47,3.5
2016,15,2.6,2.5
2016,16,1.96,1.5
2016,17,1.4,1.5
2016,18,0.94,0.5
2016,19,1.41,1.5
2016,20,2.02,2.5
2016,21,2.4,2.5
2016,22,2.22,2.5
2016,23,5.2,5.5
2016,0,4.08,4.5
2016,1,4.18,4.5
2016,2,3.14,3.5
2016,3,1.3,1.5
2016,4,0.2,0.5
2016,5,0.91,0.5
2016,6,1.7,1.5
2016,7,2.27,2.5
2016,8,1.7,1.5
2016,9,1.92,1.5
2016,10,1.58,1.5
2016,11,1.33,1.5
2016,12,1.94,1.5
2016,13,2.24,2.5
2016,14,1.93,1.5
2016,15,1.49,1.5
2016,16,0.78,0.5
2016,17,0.5,0.5
2016,18,0.22,0.5
2016,19,0.2,0.5
2016,20,0.6,0.5
2016,21,1.53,1.5
2016,22,3.29,3.5
2016,23,5.41,5.5
2016,0,5.59,5.5
2016,1,5.08,5.5
2016,2,4.61,4.5
2016,3,3.52,3.5
2016,4,2.33,2.5
2016,5,1.44,1.5
2016,6,1.66,1.5
2016,7,1.7,1.5
2016,8,2.42,2.5
2016,9,3.18,3.5
2016,10,2.97,2.5
2016,11,3.24,3.5
2016,12,4.49,4.5
2016,13,5.2,5.5
2016,14,6.3,6.5
2016,15,6.55,6.5
2016,16,5.57,5.5
2016,17,4.34,4.5
2016,18,4.09,4.5
2016,19,4.68,4.5
2016,20,5.79,5.5
2016,21,6.02,6.5
2016,22,4.83,4.5
2016,23,3,3.5
2016,0,2.51,2.5
2016,1,3,3.5
2016,2,2.53,2.5
2016,3,2.84,2.5
2016,4,3.52,3.5
2016,5,2.97,2.5
2016,6,2.64,2.5
2016,7,1.99,1.5
2016,8,1.77,1.5
2016,9,1.7,1.5
2016,10,1.99,1.5
2016,11,2.22,2.5
2016,12,2.63,2.5
2016,13,4.94,4.5
2016,14,4.24,4.5
2016,15,4.83,4.5
2016,16,5.51,5.5
2016,17,5.72,5.5
2016,18,5.12,5.5
2016,19,4.9,4.5
2016,20,5.1,5.5
2016,21,5.08,5.5
2016,22,3.26,3.5
2016,23,1.5,1.5
2016,0,0.5,0.5
2016,1,1.46,1.5
2016,2,2.12,2.5
2016,3,2.22,2.5
2016,4,1.53,1.5
2016,5,1.1,1.5
2016,6,0.92,0.5
2016,7,1,1.5
2016,8,3.11,3.5
2016,9,5.5,5.5
2016,10,6.5,6.5
2016,11,7.3,7.5
2016,12,6.01,6.5
2016,13,7.83,7.5
2016,14,8.1,8.5
2016,15,8.41,8.5
2016,16,8.45,8.5
2016,17,8.26,8.5
2016,18,7.44,7.5
2016,19,7.24,7.5
2016,20,7.05,7.5
2016,21,6.5,6.5
2016,22,6.4,6.5
2016,23,5.63,5.5
2016,0,5.63,5.5
2016,1,6.48,6.5
2016,2,4.95,4.5
2016,3,6.56,6.5
2016,4,7.43,7.5
2016,5,6.58,6.5
2016,6,5.55,5.5
2016,7,4.87,4.5
2016,8,4.39,4.5
2016,9,4.02,4.5
2016,10,3.33,3.5
2016,11,3.12,3.5
2016,12,2.77,2.5
2016,13,3.88,3.5
2016,14,3.83,3.5
2016,15,4.02,4.5
2016,16,4.55,4.5
2016,17,4.52,4.5
2016,18,4.49,4.5
2016,19,5.02,5.5
2016,20,5.24,5.5
2016,21,5.28,5.5
2016,22,5.71,5.5
2016,23,5,5.5
2016,0,4.7,4.5
2016,1,4.62,4.5
2016,2,4.93,4.5
2016,3,5.04,5.5
2016,4,4.13,4.5
2016,5,2.82,2.5
2016,6,1.86,1.5
2016,7,1.7,1.5
2016,8,2.93,2.5
2016,9,5.92,5.5
2016,10,7.51,7.5
2016,11,7.94,7.5
2016,12,7.94,7.5
2016,13,2.58,2.5
2016,14,2.56,2.5
2016,15,2.47,2.5
2016,16,2.86,2.5
2016,17,2.91,2.5
2016,18,2.56,2.5
2016,19,2.4,2.5
2016,20,2.11,2.5
2016,21,2.22,2.5
2016,22,2.3,2.5
2016,23,1.24,1.5
2016,0,0.82,0.5
2016,1,1.27,1.5
2016,2,1.26,1.5
2016,3,1,1.5
2016,4,1.02,1.5
2016,5,1.84,1.5
2016,6,2.42,2.5
2016,7,0.85,0.5
2016,8,1.46,1.5
2016,9,2.46,2.5
2016,10,2.19,2.5
2016,11,6,6.5
2016,12,5.71,5.5
2016,13,4.92,4.5
2016,14,5.1,5.5
2016,15,5.02,5.5
2016,16,5.23,5.5
2016,17,5.14,5.5
2016,18,5.4,5.5
2016,19,6,6.5
2016,20,5.3,5.5
2016,21,4.54,4.5
2016,22,4.4,4.5
2016,23,4.24,4.5
2016,0,3.94,3.5
2016,1,3.97,3.5
2016,2,5.03,5.5
2016,3,4.98,4.5
2016,4,4.02,4.5
2016,5,1.8,1.5
2016,6,1.3,1.5
2016,7,1.75,1.5
2016,8,2.1,2.5
2016,9,1.87,1.5
2016,10,7.2,7.5
2016,11,6.86,6.5
2016,12,7.31,7.5
2016,13,7.12,7.5
2016,14,6.81,6.5
2016,15,7.67,7.5
2016,16,7.61,7.5
2016,17,6.02,6.5
2016,18,4.9,4.5
2016,19,4.2,4.5
2016,20,4.14,4.5
2016,21,4.5,4.5
2016,22,3.23,3.5
2016,23,4.7,4.5
2016,0,7.26,7.5
2016,1,5.77,5.5
2016,2,3.09,3.5
2016,3,7.01,7.5
2016,4,7.61,7.5
2016,5,6.76,6.5
2016,6,7.3,7.5
2016,7,6.65,6.5
2016,8,5.57,5.5
2016,9,6.17,6.5
2016,10,5.98,5.5
2016,11,5.22,5.5
2016,12,4.83,4.5
2016,13,5.79,5.5
2016,14,5.99,5.5
2016,15,6.08,6.5
2016,16,6,6.5
2016,17,6.02,6.5
2016,18,5.28,5.5
2016,19,4.46,4.5
2016,20,3.97,3.5
2016,21,3.41,3.5
2016,22,2.5,2.5
2016,23,1.24,1.5
2016,0,1.49,1.5
2016,1,2.64,2.5
2016,2,2.48,2.5
2016,3,2.28,2.5
2016,4,3.4,3.5
2016,5,4.61,4.5
2016,6,4.48,4.5
2016,7,2.44,2.5
2016,8,2.63,2.5
2016,9,2.6,2.5
2016,10,1.84,1.5
2016,11,1.52,1.5
2016,12,2.1,2.5
2016,13,2.21,2.5
2016,14,2.11,2.5
2016,15,2.2,2.5
2016,16,2.41,2.5
2016,17,2.72,2.5
2016,18,2.63,2.5
2016,19,2.65,2.5
2016,20,2.96,2.5
2016,21,2.86,2.5
2016,22,1.34,1.5
2016,23,1.03,1.5
2016,0,1.27,1.5
2016,1,0.64,0.5
2016,2,0.61,0.5
2016,3,1.22,1.5
2016,4,1.3,1.5
2016,5,1.35,1.5
2016,6,2.12,2.5
2016,7,1.22,1.5
2016,8,1.12,1.5
2016,9,0.72,0.5
2016,10,0.73,0.5
2016,11,1.24,1.5
2016,12,1.9,1.5
2016,13,1.94,1.5
2016,14,2.61,2.5
2016,15,2.56,2.5
2016,16,2.95,2.5
2016,17,3,3.5
2016,18,3.07,3.5
2016,19,3.35,3.5
2016,20,3.51,3.5
2016,21,3.79,3.5
2016,22,3,3.5
2016,23,2.55,2.5
2016,0,2.35,2.5
2016,1,1.56,1.5
2016,2,0.7,0.5
2016,3,0.82,0.5
2016,4,1,1.5
2016,5,1.77,1.5
2016,6,1.98,1.5
2016,7,1.06,1.5
2016,8,1.39,1.5
2016,9,1.61,1.5
2016,10,0.72,0.5
2016,11,1.08,1.5
2016,12,1.89,1.5
2016,13,1.24,1.5
2016,14,1.3,1.5
2016,15,1.7,1.5
2016,16,2.2,2.5
2016,17,2.46,2.5
2016,18,2.28,2.5
2016,19,1.92,1.5
2016,20,1.61,1.5
2016,21,1.08,1.5
2016,22,1.2,1.5
2016,23,0.99,0.5
2016,0,1.3,1.5
2016,1,1.3,1.5
2016,2,1.42,1.5
2016,3,1.41,1.5
2016,4,1.5,1.5
2016,5,1.7,1.5
2016,6,1.06,1.5
2016,7,0.1,0.5
2016,8,0.61,0.5
2016,9,0.42,0.5
2016,10,2.85,2.5
2016,11,6.2,6.5
2016,12,7.6,7.5
2016,13,8.52,8.5
2016,14,7.57,7.5
2016,15,7.81,7.5
2016,16,7.47,7.5
2016,17,7.02,7.5
2016,18,6.24,6.5
2016,19,5.14,5.5
2016,20,5.34,5.5
2016,21,4.83,4.5
2016,22,4.44,4.5
2016,23,3.69,3.5
2016,0,2.5,2.5
2016,1,1.1,1.5
2016,2,0.2,0.5
2016,3,0.42,0.5
2016,4,0.73,0.5
2016,5,0.51,0.5
2016,6,0.51,0.5
2016,7,0.22,0.5
2016,8,0.2,0.5
2016,9,0.54,0.5
2016,10,1.12,1.5
2016,11,1.7,1.5
2016,12,2.2,2.5
2016,13,2.01,2.5
2016,14,2.12,2.5
2016,15,2.01,2.5
2016,16,2.1,2.5
2016,17,2.81,2.5
2016,18,3.54,3.5
2016,19,4.28,4.5
2016,20,4.63,4.5
2016,21,3.45,3.5
2016,22,1.24,1.5
2016,23,1.89,1.5
2016,0,1.89,1.5
2016,1,1.04,1.5
2016,2,0.45,0.5
2016,3,0.63,0.5
2016,4,1.02,1.5
2016,5,1.2,1.5
2016,6,1.12,1.5
2016,7,1.06,1.5
2016,8,0.81,0.5
2016,9,0.1,0.5
2016,10,0.64,0.5
2016,11,1.08,1.5
2016,12,1.44,1.5
2016,13,1.36,1.5
2016,14,1.49,1.5
2016,15,2.06,2.5
2016,16,2.52,2.5
2016,17,2.59,2.5
2016,18,2.34,2.5
2016,19,2.31,2.5
2016,20,2.93,2.5
2016,21,3.23,3.5
2016,22,2.39,2.5
2016,23,1.02,1.5
2016,0,0.1,0.5
2016,1,0.45,0.5
2016,2,0.4,0.5
2016,3,0.14,0.5
2016,4,0.3,0.5
2016,5,0.36,0.5
2016,6,0.58,0.5
2016,7,0.5,0.5
2016,8,0.36,0.5
2016,9,0.63,0.5
2016,10,1.36,1.5
2016,11,2.1,2.5
2016,12,2.32,2.5
2016,13,1.39,1.5
2016,14,1.08,1.5
2016,15,1.25,1.5
2016,16,1.53,1.5
2016,17,2,2.5
2016,18,2.4,2.5
2016,19,2.84,2.5
2016,20,3.06,3.5
2016,21,3.3,3.5
2016,22,3.55,3.5
2016,23,2.88,2.5
2016,0,2.28,2.5
2016,1,2.05,2.5
2016,2,1.49,1.5
2016,3,1.27,1.5
2016,4,0.8,0.5
2016,5,0.67,0.5
2016,6,0.32,0.5
2016,7,0.98,0.5
2016,8,1.17,1.5
2016,9,0.61,0.5
2016,10,0.28,0.5
2016,11,0.6,0.5
2016,12,0.67,0.5
2016,13,0.9,0.5
2016,14,0.73,0.5
2016,15,0.95,0.5
2016,16,1.24,1.5
2016,17,1.41,1.5
2016,18,1.6,1.5
2016,19,1.51,1.5
2016,20,0.72,0.5
2016,21,2.19,2.5
2016,22,2.46,2.5
2016,23,1.17,1.5
2016,0,2.06,2.5
2016,1,1,1.5
2016,2,1.44,1.5
2016,3,1.49,1.5
2016,4,3.11,3.5
2016,5,3.44,3.5
2016,6,2.87,2.5
2016,7,2.6,2.5
2016,8,4.03,4.5
2016,9,5.83,5.5
2016,10,4.82,4.5
2016,11,5.67,5.5
2016,12,6.77,6.5
2016,13,5.51,5.5
2016,14,7.84,7.5
2016,15,7.42,7.5
2016,16,5.91,5.5
2016,17,5.7,5.5
2016,18,5.41,5.5
2016,19,4.96,4.5
2016,20,4.62,4.5
2016,21,3.98,3.5
2016,22,3.05,3.5
2016,23,2.64,2.5
2016,0,2.05,2.5
2016,1,2.72,2.5
2016,2,3.12,3.5
2016,3,2.05,2.5
2016,4,1.35,1.5
2016,5,1.13,1.5
2016,6,0.76,0.5
2016,7,0.73,0.5
2016,8,1.2,1.5
2016,9,1.57,1.5
2016,10,1.46,1.5
2016,11,1.75,1.5
2016,12,2.79,2.5
2016,13,2.5,2.5
2016,14,4.3,4.5
2016,15,4.16,4.5
2016,16,4.09,4.5
2016,17,4.24,4.5
2016,18,3.98,3.5
2016,19,3.68,3.5
2016,20,3.9,3.5
2016,21,3.86,3.5
2016,22,3.07,3.5
2016,23,1.87,1.5
2016,0,0.8,0.5
2016,1,0.32,0.5
2016,2,0.5,0.5
2016,3,0.3,0.5
2016,4,0.58,0.5
2016,5,1.06,1.5
2016,6,1.25,1.5
2016,7,1,1.5
2016,8,1.02,1.5
2016,9,0.5,0.5
2016,10,0.32,0.5
2016,11,0.54,0.5
2016,12,0.92,0.5
2016,13,1.2,1.5
2016,14,1.79,1.5
2016,15,3.02,3.5
2016,16,3.47,3.5
2016,17,3.32,3.5
2016,18,3.38,3.5
2016,19,3.26,3.5
2016,20,3.34,3.5
2016,21,3,3.5
2016,22,1.96,1.5
2016,23,1.56,1.5
2016,0,1.68,1.5
2016,1,1.81,1.5
2016,2,1.8,1.5
2016,3,1.44,1.5
2016,4,1.36,1.5
2016,5,1.55,1.5
2016,6,1.61,1.5
2016,7,0.85,0.5
2016,8,0.45,0.5
2016,9,1.13,1.5
2016,10,1.7,1.5
2016,11,2.86,2.5
2016,12,4.09,4.5
2016,13,4.93,4.5
2016,14,5.22,5.5
2016,15,4.91,4.5
2016,16,4.82,4.5
2016,17,5.38,5.5
2016,18,5.68,5.5
2016,19,5.89,5.5
2016,20,5.98,5.5
2016,21,5.92,5.5
2016,22,5.41,5.5
2016,23,4.07,4.5
2016,0,2.51,2.5
2016,1,2.5,2.5
2016,2,3.38,3.5
2016,3,3.07,3.5
2016,4,2.67,2.5
2016,5,2.78,2.5
2016,6,2.92,2.5
2016,7,2.25,2.5
2016,8,1.97,1.5
2016,9,2.02,2.5
2016,10,1.91,1.5
2016,11,2.62,2.5
2016,12,3.22,3.5
2016,13,3.67,3.5
2016,14,4.11,4.5
2016,15,4.66,4.5
2016,16,5.03,5.5
2016,17,4.83,4.5
2016,18,4.03,4.5
2016,19,3.7,3.5
2016,20,3.67,3.5
2016,21,4.03,4.5
2016,22,3.22,3.5
2016,23,1.46,1.5
2016,0,1.3,1.5
2016,1,1.88,1.5
2016,2,1.75,1.5
2016,3,0.92,0.5
2016,4,0.1,0.5
2016,5,0.45,0.5
2016,6,0,0.5
2016,7,0.3,0.5
2016,8,0.45,0.5
2016,9,0.57,0.5
2016,10,1.2,1.5
2016,11,1.4,1.5
2016,12,1.46,1.5
2016,13,2.8,2.5
2016,14,2.31,2.5
2016,15,2.02,2.5
2016,16,1.9,1.5
2016,17,1.4,1.5
2016,18,1.02,1.5
2016,19,1.84,1.5
2016,20,3.45,3.5
2016,21,4.26,4.5
2016,22,2.26,2.5
2016,23,1.39,1.5
2016,0,1.64,1.5
2016,1,0.89,0.5
2016,2,0.81,0.5
2016,3,1.58,1.5
2016,4,2.19,2.5
2016,5,2.41,2.5
2016,6,2.05,2.5
2016,7,1.12,1.5
2016,8,0.41,0.5
2016,9,0.6,0.5
2016,10,2.02,2.5
2016,11,3.45,3.5
2016,12,4.51,4.5
2016,13,5.56,5.5
2016,14,5.77,5.5
2016,15,5.82,5.5
2016,16,5.82,5.5
2016,17,6.16,6.5
2016,18,6.71,6.5
2016,19,6.14,6.5
2016,20,4.81,4.5
2016,21,4.4,4.5
2016,22,3.47,3.5
2016,23,3.08,3.5
2016,0,3.26,3.5
2016,1,3.71,3.5
2016,2,3.3,3.5
2016,3,2.52,2.5
2016,4,2.02,2.5
2016,5,1.7,1.5
2016,6,2.21,2.5
2016,7,2.16,2.5
2016,8,2.08,2.5
2016,9,1.92,1.5
2016,10,1.72,1.5
2016,11,2.28,2.5
2016,12,2.55,2.5
2016,13,3.22,3.5
2016,14,3.47,3.5
2016,15,3.5,3.5
2016,16,3.04,3.5
2016,17,2.59,2.5
2016,18,2.61,2.5
2016,19,3.3,3.5
2016,20,4.02,4.5
2016,21,4.12,4.5
2016,22,1.8,1.5
2016,23,0.71,0.5
2016,0,2.01,2.5
2016,1,2.41,2.5
2016,2,1.51,1.5
2016,3,2.44,2.5
2016,4,3.48,3.5
2016,5,4.2,4.5
2016,6,4.4,4.5
2016,7,2.87,2.5
2016,8,3.55,3.5
2016,9,4.21,4.5
2016,10,3.92,3.5
2016,11,2.82,2.5
2016,12,1.7,1.5
2016,13,0.91,0.5
2016,14,1.6,1.5
2016,15,2.41,2.5
2016,16,2.73,2.5
2016,17,2.62,2.5
2016,18,3.11,3.5
2016,19,3.51,3.5
2016,20,3.95,3.5
2016,21,2.7,2.5
2016,22,1.91,1.5
2016,23,1.55,1.5
2016,0,1.22,1.5
2016,1,0.8,0.5
2016,2,2.01,2.5
2016,3,2.62,2.5
2016,4,3.2,3.5
2016,5,3,3.5
2016,6,2.42,2.5
2016,7,0.78,0.5
2016,8,0.22,0.5
2016,9,1.3,1.5
2016,10,2.02,2.5
2016,11,2.55,2.5
2016,12,2.33,2.5
2016,13,3.61,3.5
2016,14,3.01,3.5
2016,15,3.41,3.5
2016,16,3.41,3.5
2016,17,1.55,1.5
2016,18,0.95,0.5
2016,19,1.77,1.5
2016,20,2.92,2.5
2016,21,3.31,3.5
2016,22,2.11,2.5
2016,23,1.12,1.5
2016,0,0.85,0.5
2016,1,1.2,1.5
2016,2,2.06,2.5
2016,3,1.53,1.5
2016,4,1.06,1.5
2016,5,2.04,2.5
2016,6,1.7,1.5
2016,7,2.83,2.5
2016,8,2.28,2.5
2016,9,1.21,1.5
2016,10,1.2,1.5
2016,11,1.3,1.5
2016,12,3.12,3.5
2016,13,2.21,2.5
2016,14,4.55,4.5
2016,15,3.03,3.5
2016,16,1.79,1.5
2016,17,2.62,2.5
2016,18,3.71,3.5
2016,19,3.25,3.5
2016,20,3.28,3.5
2016,21,4.03,4.5
2016,22,3.29,3.5
2016,23,2.72,2.5
2016,0,3.3,3.5
2016,1,2.77,2.5
2016,2,2.42,2.5
2016,3,2.35,2.5
2016,4,2.82,2.5
2016,5,3,3.5
2016,6,2.93,2.5
2016,7,4.32,4.5
2016,8,5.61,5.5
2016,9,5.22,5.5
2016,10,6.7,6.5
2016,11,7.4,7.5
2016,12,7.91,7.5
2016,13,8.76,8.5
2016,14,8.59,8.5
2016,15,8.32,8.5
2016,16,8.86,8.5
2016,17,7.43,7.5
2016,18,6.75,6.5
2016,19,6.77,6.5
2016,20,7.53,7.5
2016,21,7.01,7.5
2016,22,6.2,6.5
2016,23,5.22,5.5
2016,0,5.6,5.5
2016,1,5.51,5.5
2016,2,6.66,6.5
2016,3,6.38,6.5
2016,4,6,6.5
2016,5,6.04,6.5
2016,6,6.51,6.5
2016,7,6,6.5
2016,8,5.6,5.5
2016,9,5.1,5.5
2016,10,3.66,3.5
2016,11,3.53,3.5
2016,12,3.94,3.5
2016,13,4.96,4.5
2016,14,5.32,5.5
2016,15,4.9,4.5
2016,16,4.72,4.5
2016,17,4.48,4.5
2016,18,3.89,3.5
2016,19,3.33,3.5
2016,20,2.64,2.5
2016,21,2.44,2.5
2016,22,3.44,3.5
2016,23,3.31,3.5
2016,0,2.28,2.5
2016,1,2.06,2.5
2016,2,2.76,2.5
2016,3,2.48,2.5
2016,4,2.34,2.5
2016,5,2.19,2.5
2016,6,2.64,2.5
2016,7,2.02,2.5
2016,8,2.52,2.5
2016,9,2.36,2.5
2016,10,2.27,2.5
2016,11,2.2,2.5
2016,12,2.66,2.5
2016,13,5.26,5.5
2016,14,5.33,5.5
2016,15,5.6,5.5
2016,16,5.51,5.5
2016,17,5.14,5.5
2016,18,5.47,5.5
2016,19,5.49,5.5
2016,20,5.25,5.5
2016,21,4.66,4.5
2016,22,3.36,3.5
2016,23,3.09,3.5
2016,0,2.5,2.5
2016,1,1.9,1.5
2016,2,1.88,1.5
2016,3,2.22,2.5
2016,4,3.47,3.5
2016,5,4.32,4.5
2016,6,3.97,3.5
2016,7,2.28,2.5
2016,8,2.42,2.5
2016,9,2.73,2.5
2016,10,2.26,2.5
2016,11,1.7,1.5
2016,12,1.39,1.5
2016,13,0.63,0.5
2016,14,0.6,0.5
2016,15,0.7,0.5
2016,16,1.04,1.5
2016,17,1.3,1.5
2016,18,1.17,1.5
2016,19,2.02,2.5
2016,20,2.95,2.5
2016,21,2.73,2.5
2016,22,2.69,2.5
2016,23,2.66,2.5
2016,0,2.76,2.5
2016,1,3.42,3.5
2016,2,3.41,3.5
2016,3,3.88,3.5
2016,4,3.8,3.5
2016,5,3.48,3.5
2016,6,3.78,3.5
2016,7,3.16,3.5
2016,8,2.68,2.5
2016,9,2.33,2.5
2016,10,2.47,2.5
2016,11,2.12,2.5
2016,12,1.71,1.5
2016,13,1.58,1.5
2016,14,1.9,1.5
2016,15,2.32,2.5
2016,16,2.63,2.5
2016,17,2.94,2.5
2016,18,3.22,3.5
2016,19,3.71,3.5
2016,20,4.71,4.5
2016,21,4.85,4.5
2016,22,3.18,3.5
2016,23,1.8,1.5
2016,0,0.4,0.5
2016,1,0.1,0.5
2016,2,0.1,0.5
2016,3,0.28,0.5
2016,4,0.36,0.5
2016,5,0.61,0.5
2016,6,0.95,0.5
2016,7,0.81,0.5
2016,8,0.85,0.5
2016,9,0.5,0.5
2016,10,0.8,0.5
2016,11,1.3,1.5
2016,12,2,2.5
2016,13,1.96,1.5
2016,14,2.5,2.5
2016,15,3.08,3.5
2016,16,3.63,3.5
2016,17,4,4.5
2016,18,4.3,4.5
2016,19,4.6,4.5
2016,20,5.1,5.5
2016,21,4.26,4.5
2016,22,1.71,1.5
2016,23,3.09,3.5
2016,0,2.6,2.5
2016,1,2.16,2.5
2016,2,4.38,4.5
2016,3,5.3,5.5
2016,4,5.75,5.5
2016,5,5.82,5.5
2016,6,5.19,5.5
2016,7,3.13,3.5
2016,8,3.69,3.5
2016,9,4.67,4.5
2016,10,4.54,4.5
2016,11,4.1,4.5
2016,12,3.5,3.5
2016,13,2.7,2.5
2016,14,2.5,2.5
2016,15,2.3,2.5
2016,16,2.4,2.5
2016,17,2.3,2.5
2016,18,2.52,2.5
2016,19,3.2,3.5
2016,20,4.08,4.5
2016,21,4.7,4.5
2016,22,4.48,4.5
2016,23,4.38,4.5
2016,0,5.15,5.5
2016,1,6.02,6.5
2016,2,6.46,6.5
2016,3,6.94,6.5
2016,4,7.41,7.5
2016,5,7.18,7.5
2016,6,5.36,5.5
2016,7,3.33,3.5
2016,8,2.75,2.5
2016,9,2.02,2.5
2016,10,1.3,1.5
2016,11,1.14,1.5
2016,12,1.32,1.5
2016,13,1.51,1.5
2016,14,1.63,1.5
2016,15,2.04,2.5
2016,16,2.32,2.5
2016,17,2.55,2.5
2016,18,3.1,3.5
2016,19,4.3,4.5
2016,20,5.15,5.5
2016,21,4.92,4.5
2016,22,5.58,5.5
2016,23,5.7,5.5
2016,0,4.26,4.5
2016,1,2.85,2.5
2016,2,5.24,5.5
2016,3,3.42,3.5
2016,4,2.83,2.5
2016,5,2.04,2.5
2016,6,1.81,1.5
2016,7,0.14,0.5
2016,8,0.6,0.5
2016,9,0.22,0.5
2016,10,1.46,1.5
2016,11,2.3,2.5
2016,12,3.5,3.5
2016,13,3.72,3.5
2016,14,2.06,2.5
2016,15,1.5,1.5
2016,16,0.58,0.5
2016,17,0.6,0.5
2016,18,2.02,2.5
2016,19,2.13,2.5
2016,20,2.28,2.5
2016,21,3.31,3.5
2016,22,2.76,2.5
2016,23,1.66,1.5
2016,0,1.28,1.5
2016,1,1.48,1.5
2016,2,1.84,1.5
2016,3,2.39,2.5
2016,4,3.61,3.5
2016,5,5.86,5.5
2016,6,4.97,4.5
2016,7,3.72,3.5
2016,8,3.26,3.5
2016,9,3.2,3.5
2016,10,1.91,1.5
2016,11,1.39,1.5
2016,12,1,1.5
2016,13,4.06,4.5
2016,14,5.82,5.5
2016,15,6.41,6.5
2016,16,4.61,4.5
2016,17,4.12,4.5
2016,18,3.91,3.5
2016,19,3.26,3.5
2016,20,3.26,3.5
2016,21,3.37,3.5
2016,22,3.16,3.5
2016,23,3.7,3.5
2016,0,3.71,3.5
2016,1,3.01,3.5
2016,2,2.1,2.5
2016,3,1.41,1.5
2016,4,1.1,1.5
2016,5,0.54,0.5
2016,6,0.54,0.5
2016,7,0.81,0.5
2016,8,0.71,0.5
2016,9,1.04,1.5
2016,10,1.33,1.5
2016,11,1.71,1.5
2016,12,1.71,1.5
2016,13,1.4,1.5
2016,14,1.12,1.5
2016,15,2.33,2.5
2016,16,2.75,2.5
2016,17,3.34,3.5
2016,18,3.24,3.5
2016,19,2.93,2.5
2016,20,2.63,2.5
2016,21,2.55,2.5
2016,22,2.97,2.5
2016,23,3.36,3.5
2016,0,2.79,2.5
2016,1,2.42,2.5
2016,2,2.62,2.5
2016,3,2.53,2.5
2016,4,2.2,2.5
2016,5,1.92,1.5
2016,6,1.55,1.5
2016,7,1.4,1.5
2016,8,1.08,1.5
2016,9,1.08,1.5
2016,10,0.8,0.5
2016,11,0.76,0.5
2016,12,1.03,1.5
2016,13,3.36,3.5
2016,14,3.64,3.5
2016,15,3.54,3.5
2016,16,3.31,3.5
2016,17,3.36,3.5
2016,18,3.13,3.5
2016,19,3.22,3.5
2016,20,3.99,3.5
2016,21,4.46,4.5
2016,22,4.15,4.5
2016,23,3.42,3.5
2016,0,2.59,2.5
2016,1,2.06,2.5
2016,2,2.08,2.5
2016,3,1.58,1.5
2016,4,1.1,1.5
2016,5,0.86,0.5
2016,6,1.02,1.5
2016,7,0.82,0.5
2016,8,0.2,0.5
2016,9,0.86,0.5
2016,10,1.28,1.5
2016,11,1.56,1.5
2016,12,1.49,1.5
2016,13,2.78,2.5
2016,14,2.82,2.5
2016,15,2.82,2.5
2016,16,2.19,2.5
2016,17,1.52,1.5
2016,18,1.32,1.5
2016,19,1.4,1.5
2016,20,1.53,1.5
2016,21,1.94,1.5
2016,22,2.4,2.5
2016,23,2.11,2.5
2016,0,1.55,1.5
2016,1,0.92,0.5
2016,2,0.3,0.5
2016,3,0,0.5
2016,4,0,0.5
2016,5,0.2,0.5
2016,6,0.3,0.5
2016,7,0.2,0.5
2016,8,0.5,0.5
2016,9,0.63,0.5
2016,10,0.8,0.5
2016,11,1,1.5
2016,12,1.32,1.5
2016,13,0.54,0.5
2016,14,1,1.5
2016,15,1.61,1.5
2016,16,2.1,2.5
2016,17,2.4,2.5
2016,18,2.1,2.5
2016,19,2.02,2.5
2016,20,3.61,3.5
2016,21,4.87,4.5
2016,22,4.63,4.5
2016,23,3.18,3.5
2016,0,1.98,1.5
2016,1,1.7,1.5
2016,2,2.14,2.5
2016,3,2.19,2.5
2016,4,2.06,2.5
2016,5,2.48,2.5
2016,6,3.19,3.5
2016,7,2.51,2.5
2016,8,1.4,1.5
2016,9,2.33,2.5
2016,10,2.06,2.5
2016,11,2.12,2.5
2016,12,1.1,1.5
2016,13,0.51,0.5
2016,14,0.41,0.5
2016,15,0.67,0.5
2016,16,0.94,0.5
2016,17,1.52,1.5
2016,18,2.09,2.5
2016,19,3.1,3.5
2016,20,3.21,3.5
2016,21,3.92,3.5
2016,22,3.93,3.5
2016,23,3.52,3.5
2016,0,3.16,3.5
2016,1,2.66,2.5
2016,2,2,2.5
2016,3,1.08,1.5
2016,4,0.82,0.5
2016,5,0.8,0.5
2016,6,0.41,0.5
2016,7,0.41,0.5
2016,8,0.72,0.5
2016,9,1.35,1.5
2016,10,1.2,1.5
2016,11,1.24,1.5
2016,12,1.43,1.5
2016,13,3.83,3.5
2016,14,3.71,3.5
2016,15,3.7,3.5
2016,16,4,4.5
2016,17,4.42,4.5
2016,18,4.02,4.5
2016,19,3.4,3.5
2016,20,3.6,3.5
2016,21,3.4,3.5
2016,22,3.31,3.5
2016,23,3.35,3.5
2016,0,2.84,2.5
2016,1,2.47,2.5
2016,2,2.4,2.5
2016,3,2.01,2.5
2016,4,1.84,1.5
2016,5,1.84,1.5
2016,6,1.5,1.5
2016,7,0.91,0.5
2016,8,0.73,0.5
2016,9,1.44,1.5
2016,10,1.5,1.5
2016,11,1.8,1.5
2016,12,2.11,2.5
2016,13,3.61,3.5
2016,14,4.2,4.5
2016,15,4.7,4.5
2016,16,4.73,4.5
2016,17,4.67,4.5
2016,18,4.04,4.5
2016,19,3.59,3.5
2016,20,3,3.5
2016,21,1.84,1.5
2016,22,0.82,0.5
2016,23,1.12,1.5
2016,0,1,1.5
2016,1,0.81,0.5
2016,2,0.14,0.5
2016,3,0.1,0.5
2016,4,0.4,0.5
2016,5,0.73,0.5
2016,6,1.22,1.5
2016,7,1.8,1.5
2016,8,1.77,1.5
2016,9,0.81,0.5
2016,10,0.8,0.5
2016,11,1.9,1.5
2016,12,3.3,3.5
2016,13,2.72,2.5
2016,14,2.84,2.5
2016,15,3.01,3.5
2016,16,2.82,2.5
2016,17,2.27,2.5
2016,18,1.68,1.5
2016,19,1.8,1.5
2016,20,2.51,2.5
2016,21,2.73,2.5
2016,22,0.72,0.5
2016,23,0.72,0.5